12/31/16,964.325,952.455,968.485,949.08625
1/1/17,1009.97375,964.325,1011.525,963.53
1/2/17,1028.33375,1009.97375,1034.105,998.62125
1/3/17,1047.09999,1028.33375,1048.12375,1013.3775
1/4/17,1140.385,1047.09999,1141.9975,1047.06375
1/5/17,985.93875,1140.385,1153.02,887.46625
1/6/17,837.83625,985.93875,990.37125,821.655
1/7/17,923.52375,837.83625,923.7475,816.36375
1/8/17,889.33875,923.52375,942.0625,878.10125
1/9/17,905.22625,889.33875,911.99625,881.1575
1/10/17,910.60625,905.22625,914.02375,897.57375
1/11/17,772.66125,910.60625,919.55875,747.49625
1/12/17,784.89375,772.66125,828.08875,746.685
1/13/17,820.68875,784.89375,839.23,774.35875
1/14/17,821.19625,820.68875,835.555,810.6425
1/15/17,830.74,821.19625,834.7025,810.21625
1/16/17,848.58125,830.74,848.58125,820.91625
1/17/17,890.29375,848.58125,914.8025,848.58125
1/18/17,888.0625,890.29375,901.83375,848.60875
1/19/17,896.16375,888.0625,905.4225,884.185
1/20/17,920.58875,896.16375,921.18125,882.29625
1/21/17,934.7775,920.58875,936.2525,912.0725
1/22/17,920.365,934.7775,936.7525,893.0075
1/23/17,912.2125,920.365,926.9975,891.405
1/24/17,898.55,912.2125,922.1475,884.78875
1/25/17,901.05,898.55,901.48,888.01875
1/26/17,912.84375,901.05,919.1325,896.2825
1/27/17,919.795,912.84375,921.56875,909.4
1/28/17,920.82875,919.795,922.06125,917.82125
1/29/17,916.91125,920.82875,921.50875,912.955
1/30/17,921.35125,916.91125,921.8175,915.77
1/31/17,973.065,921.35125,978.185,920.64875
2/1/17,982.8275,973.065,992.41875,964.4075
2/2/17,1020.09,982.8275,1020.12375,982.33375
2/3/17,1011.215,1020.09,1024.1425,995.87
2/4/17,1029.40124,1011.215,1040.08625,1004.3775
2/5/17,1019.3125,1029.40124,1030.33625,1006.51875
2/6/17,1029.40875,1019.3125,1030.405,1018.23
2/7/17,1067.70875,1029.40875,1067.79625,1029.40875
2/8/17,1072.205,1067.70875,1072.22875,1018.19125
2/9/17,974.95875,1072.205,1077.7625,942.45375
2/10/17,997.2275,974.95875,1000.98625,954.27625
2/11/17,1004.71375,997.2275,1015.99625,997.2275
2/12/17,1004.85375,1004.71375,1008.49,997.45625
2/13/17,994.58,1004.85375,1007.28,976.28875
2/14/17,1003.59,994.58,1016.445,987.33125
2/15/17,1018.41125,1003.59,1021.98375,1001.00375
2/16/17,1038.86625,1018.41125,1041.52375,1016.995
2/17/17,1058.315,1038.86625,1058.60375,1027.9875
2/18/17,1052.84375,1058.315,1066.83625,1051.02
2/19/17,1046.66249,1052.84375,1061.3175,1045.30874
2/20/17,1079.5825,1046.66249,1084.50375,1046.66249
2/21/17,1112.86375,1079.5825,1126.48625,1079.3475
2/22/17,1122.515,1112.86375,1132.51,1101.9
2/23/17,1193.501,1122.515,1193.961,1120.73
2/24/17,1182.429,1193.501,1206.596,1101.385
2/25/17,1139.848,1182.429,1184.183,1126.26
2/26/17,1189.366,1139.848,1192.252,1139.795
2/27/17,1189.94699,1189.366,1210.156,1173.095
2/28/17,1193.611,1189.94699,1198.163,1179.97
3/1/17,1221.05,1193.611,1233.298,1187.33199
3/2/17,1269.776,1221.05,1284.334,1216.03
3/3/17,1285.376,1269.776,1293.469,1258.487
3/4/17,1260.668,1285.376,1287.61,1239.568
3/5/17,1273.24699,1260.668,1280.579,1245.911
3/6/17,1280.30499,1273.24699,1285.181,1268.809
3/7/17,1206.357,1280.30499,1280.427,1188.174
3/8/17,1153.06,1206.357,1225.5,1135.086
3/9/17,1200.557,1153.06,1208.63899,1147.435
3/10/17,1147.625,1200.557,1325.81299,1022.68
3/11/17,1186.351,1147.625,1200.383,1146.877
3/12/17,1235.553,1186.351,1237.781,1178.066
3/13/17,1242.806,1235.553,1247.261,1216.20699
3/14/17,1245.892,1242.806,1257.797,1227.108
3/15/17,1247.67099,1245.892,1260.62999,1245.099
3/16/17,1126.08199,1247.67099,1248.29199,1103.531
3/17/17,1062.07,1126.08199,1164.222,1057.345
3/18/17,1000.24599,1062.07,1094.412,944.113
3/19/17,1036.226,1000.24599,1058.91,977.506
3/20/17,1065.481,1036.226,1065.50599,1015.041
3/21/17,1091.333,1065.481,1119.074,1063.69699
3/22/17,1036.099,1091.333,1101.028,990.705
3/23/17,1013.844,1036.099,1053.241,1012.245
3/24/17,921.808,1013.844,1014.601,920.576
3/25/17,962.508,921.808,972.271,891.511
3/26/17,968.293,962.508,998.56,946.522
3/27/17,1035.32199,968.293,1042.901,965.455
3/28/17,1011.969,1035.32199,1064.52,1010.04699
3/29/17,1041.374,1011.969,1056.89799,1011.315
3/30/17,1048.86299,1041.374,1051.473,1023.187
3/31/17,1077.557,1048.86299,1087.727,1040.614
4/1/17,1082.37,1077.557,1103.528,1069.78199
4/2/17,1140.037,1082.37,1140.037,1077.59099
4/3/17,1148.092,1140.037,1155.714,1120.597
4/4/17,1139.86,1148.092,1161.361,1125.827
4/5/17,1150.685,1139.86,1151.20699,1113.077
4/6/17,1177.284,1150.685,1202.82199,1149.209
4/7/17,1196.896,1177.284,1202.037,1176.375
4/8/17,1187.03299,1196.896,1196.896,1170.579
4/9/17,1213.801,1187.03299,1218.239,1178.396
4/10/17,1206.74,1213.801,1219.056,1202.78299
4/11/17,1226.896,1206.74,1232.155,1204.364
4/12/17,1216.269,1226.896,1226.927,1213.655
4/13/17,1187.136,1216.269,1219.007,1154.9
4/14/17,1186.10899,1187.136,1197.391,1169.893
4/15/17,1189.55,1186.10899,1199.71,1178.094
4/16/17,1184.2,1189.55,1190.96499,1178.19599
4/17/17,1211.73799,1184.2,1211.73799,1181.78299
4/18/17,1218.666,1211.73799,1222.358,1211.233
4/19/17,1227.981,1218.666,1232.858,1209.183
4/20/17,1261.702,1227.981,1264.665,1227.679
4/21/17,1255.25125,1261.702,1275.053,1247.7925
4/22/17,1232.7575,1255.25125,1255.905,1220
4/23/17,1243.43,1232.7575,1250.455,1230.68374
4/24/17,1251.5775,1243.43,1251.5775,1240.11999
4/25/17,1269.69625,1251.5775,1270.7275,1248.7425
4/26/17,1289.7475,1269.69625,1307.27875,1269.43
4/27/17,1335.825,1289.7475,1343.5925,1289.4925
4/28/17,1319.7,1335.825,1338.9875,1282.93249
4/29/17,1311.58874,1319.7,1333.375,1311.25125
4/30/17,1370.79,1311.58874,1371.20625,1308.7425
5/1/17,1416.61,1370.79,1426.63375,1350.005
5/2/17,1448.88625,1416.61,1466.88125,1408.54
5/3/17,1506.7725,1448.88625,1507.51,1431.18125
5/4/17,1543.31,1506.7725,1594.62625,1442.73125
5/5/17,1536.1525,1543.31,1591.9675,1491.675
5/6/17,1554.6025,1536.1525,1555.225,1517.65
5/7/17,1564.065,1554.6025,1572.55375,1525.895
5/8/17,1644.72875,1564.065,1655.7875,1564.065
5/9/17,1695.83125,1644.72875,1753.595,1641.0625
5/10/17,1748.35375,1695.83125,1764.21,1690.39875
5/11/17,1774.52,1748.35375,1839.23125,1748.07
5/12/17,1634.6075,1774.52,1799.495,1587.69375
5/13/17,1774.805,1634.6075,1784.83625,1624.56125
5/14/17,1747.04375,1774.805,1793.7325,1740.2
5/15/17,1665.0325,1747.04375,1747.04375,1652.15625
5/16/17,1744.44125,1665.0325,1753.0375,1657.10875
5/17/17,1796.89625,1744.44125,1823.555,1744.44125
5/18/17,1913.13875,1796.89625,1918.3275,1795.7775
5/19/17,1983.97875,1913.13875,1993.12375,1909.23125
5/20/17,2074.69625,1983.97875,2074.69625,1964.975
5/21/17,2114.98875,2074.69625,2115.59125,2001.145
5/22/17,2196.66874,2114.98875,2289.2075,2062.30249
5/23/17,2348.55249,2196.66874,2356.405,2174.49375
5/24/17,2581.85375,2348.55249,2593.36666,2310.42625
5/25/17,2460.95375,2581.85375,2791.695,2298.48999
5/26/17,2232.2875,2460.95375,2639.905,2067.0975
5/27/17,2234.83374,2232.2875,2250.1475,1908.99125
5/28/17,2195.785,2234.83374,2320.8175,2135.0025
5/29/17,2315.73625,2195.785,2339.725,2157.34499
5/30/17,2170.98124,2315.73625,2329.63625,2152.9225
5/31/17,2402.125,2170.98124,2414.515,2162.22625
6/1/17,2477.1725,2402.125,2489.9775,2361.74125
6/2/17,2475.2975,2477.1725,2524.80625,2418.9325
6/3/17,2526.31125,2475.2975,2593.64,2448.04374
6/4/17,2605.125,2526.31125,2607.92999,2494.29125
6/5/17,2855.03,2605.125,2911.86,2582.375
6/6/17,2900.8525,2855.03,2967.47625,2742.335
6/7/17,2737.9025,2900.8525,2911.93875,2625.085
6/8/17,2826.03875,2737.9025,2864.365,2712.68875
6/9/17,2846.00625,2826.03875,2874.69625,2794.0625
6/10/17,2910.33625,2846.00625,2943.6325,2821.525
6/11/17,3007.0125,2910.33625,3025.4725,2894.01
6/12/17,2697.0775,3007.0125,3041.35833,2525.23875
6/13/17,2780.1825,2697.0775,2802.9475,2696.4575
6/14/17,2518.54875,2780.1825,2828.8825,2385.03125
6/15/17,2438.61749,2518.54875,2522.3075,2185.96124
6/16/17,2520.78375,2438.61749,2559.18874,2433.9475
6/17/17,2680.1025,2520.78375,2707.06,2510.93874
6/18/17,2611.67999,2680.1025,2680.1025,2522.3225
6/19/17,2667.5475,2611.67999,2691.57375,2555.10375
6/20/17,2805.0975,2667.5475,2822.63375,2636.05875
6/21/17,2702.00375,2805.0975,2828.94375,2661.31125
6/22/17,2763.29125,2702.00375,2783.75875,2643.75875
6/23/17,2740.5925,2763.29125,2780.27,2726.04125
6/24/17,2598.15875,2740.5925,2764.0375,2556.8225
6/25/17,2630.59499,2598.15875,2696.88625,2530.63125
6/26/17,2513.42999,2630.59499,2633.1075,2387.63749
6/27/17,2556.1675,2513.42999,2597.27625,2332.60125
6/28/17,2591.2675,2556.1675,2619.23625,2498.9325
6/29/17,2547.3225,2591.2675,2620.84375,2530.12125
6/30/17,2479.05499,2547.3225,2581.74125,2471.7925
7/1/17,2424.69875,2479.05499,2547.0475,2396.01249
7/2/17,2513.74125,2424.69875,2551.065,2410.4725
7/3/17,2640.06125,2513.74125,2648.85624,2510.3225
7/4/17,2588.67875,2640.06125,2659.78875,2583.3525
7/5/17,2634.17375,2588.67875,2648.67999,2560.85
7/6/17,2598.57,2634.17375,2638.09875,2591.9825
7/7/17,2514.3625,2598.57,2603.47125,2482.77124
7/8/17,2586.0425,2514.3625,2588.38125,2506.30375
7/9/17,2524.12624,2586.0425,2590.7525,2510.28625
7/10/17,2352.265,2524.12624,2541.55625,2314.0775
7/11/17,2292.91375,2352.265,2428.15749,2272.31625
7/12/17,2437.55375,2292.91375,2448.505,2292.41874
7/13/17,2337.67875,2437.55375,2437.55375,2327.72875
7/14/17,2109.37375,2337.67875,2372.83374,2105.24375
7/15/17,2045.5725,2109.37375,2151.72875,1971.28375
7/16/17,1986.9425,2045.5725,2055.7475,1836.92
7/17/17,2189.23999,1986.9425,2246.11749,1986.9425
7/18/17,2354.8925,2189.23999,2407.18874,2177.99375
7/19/17,2349.355,2354.8925,2413.485,2258.1125
7/20/17,2740.56875,2349.355,2946.36,2332.35375
7/21/17,2738.775,2740.56875,2814.5075,2639.31374
7/22/17,2831.67875,2738.775,2875.7775,2725.06625
7/23/17,2772.3675,2831.67875,2836.3775,2670.76125
7/24/17,2768.8025,2772.3675,2813.96875,2720.71125
7/25/17,2540.20874,2768.8025,2796.92125,2485.185
7/26/17,2570.195,2540.20874,2577.05875,2433.83125
7/27/17,2699.72125,2570.195,2749.99875,2554.37
7/28/17,2719.69,2699.72125,2833.2375,2682.87
7/29/17,2714.70375,2719.69,2780.2075,2693.95875
7/30/17,2718.6175,2714.70375,2753.33125,2615.8075
7/31/17,2867.65375,2718.6175,2902.37125,2706.8225
8/1/17,2739.70875,2867.65375,2925.03375,2670.16333
8/2/17,2740.07125,2739.70875,2765.5525,2681.46875
8/3/17,2811.71,2740.07125,2824.38,2731.19625
8/4/17,3123.41125,2811.71,3167.555,2797.1175
8/5/17,3254.71,3123.41125,3360.86625,3104.16875
8/6/17,3274.6375,3254.71,3325.96625,3190.18625
8/7/17,3474.7625,3274.6375,3476.81875,3258.405
8/8/17,3416.185,3474.7625,3525.0375,3376.37
8/9/17,3364.41125,3416.185,3442.98875,3280.325
8/10/17,3451.8525,3364.41125,3474.335,3357.67125
8/11/17,3705.43,3451.8525,3741.33125,3451.8525
8/12/17,4104.015,3705.43,4162.5725,3701.83375
8/13/17,4036.7575,4104.015,4225.4025,3890.005
8/14/17,4462.67625,4036.7575,4483.54749,4036.7575
8/15/17,4118.9025,4462.67625,4470.34375,3892.72
8/16/17,4322.42125,4118.9025,4440.76124,3985.23375
8/17/17,4311.685,4322.42125,4522.13,4225.5
8/18/17,4180.23875,4311.685,4407.79625,4040.05375
8/19/17,4139.38125,4180.23875,4235.06499,4033.53625
8/20/17,4110.94125,4139.38125,4218.21125,4101.06125
8/21/17,3911.27625,4110.94125,4142.63875,3884.6225
8/22/17,4162.79249,3911.27625,4197.76124,3687.27625
8/23/17,4178.75625,4162.79249,4299.96875,4130.925
8/24/17,4396.03125,4178.75625,4420.35999,4165.77375
8/25/17,4359.9025,4396.03125,4496.29249,4320.22
8/26/17,4381.39625,4359.9025,4439.29125,4309.3125
8/27/17,4340.46,4381.39625,4416.0225,4340.46
8/28/17,4442.6575,4340.46,4455.04625,4239.01124
8/29/17,4664.64375,4442.6575,4703.41749,4400.15874
8/30/17,4676.1425,4664.64375,4707.5525,4545.5375
8/31/17,4783.17,4676.1425,4808.12125,4654.07
9/1/17,4864.285,4783.17,5013.9075,4726.74374
9/2/17,4672.56875,4864.285,4902.26124,4529.37125
9/3/17,4593.1825,4672.56875,4749.02875,4481.5225
9/4/17,4160.535,4593.1825,4594.5775,4037.49875
9/5/17,4517.57,4160.535,4529.58875,4111.97124
9/6/17,4543.1025,4517.57,4666.46625,4517.57
9/7/17,4628.6025,4543.1025,4691.97999,4506.6625
9/8/17,4280.975,4628.6025,4698.73125,4151.6425
9/9/17,4194.21875,4280.975,4394.51624,4161.9725
9/10/17,4307.82625,4194.21875,4334.5075,3976.46125
9/11/17,4295.76124,4307.82625,4310.79125,4108.475
9/12/17,3944.58375,4295.76124,4368.22,3944.58375
9/13/17,3817.0575,3944.58375,4053.3225,3766.36
9/14/17,3358.10875,3817.0575,3896.7925,3209.43875
9/15/17,3772.68375,3358.10875,3806.57875,2951.1525
9/16/17,3608.595,3772.68375,3874.62625,3551.75875
9/17/17,3764.6175,3608.595,3803.4125,3484.80125
9/18/17,3976.3875,3764.6175,4080.4975,3753.3775
9/19/17,3863.18625,3976.3875,4026.57,3847.35375
9/20/17,3827.685,3863.18625,4021.46,3813.225
9/21/17,3690.99125,3827.685,3890.98,3584.59125
9/22/17,3612.1625,3690.99125,3748.705,3519.07125
9/23/17,3772.8475,3612.1625,3810.5375,3612.1625
9/24/17,3753.435,3772.8475,3775.7775,3627.52625
9/25/17,3920.99125,3753.435,3970.2575,3752.46875
9/26/17,3939.515,3920.99125,3968.53625,3865.23125
9/27/17,4220.28,3939.515,4228.085,3930.91125
9/28/17,4062.20375,4220.28,4278.77625,4027.04125
9/29/17,4207.825,4062.20375,4227.43875,4035.7075
9/30/17,4300.55125,4207.825,4366.805,4205.00375
10/1/17,4414.1775,4300.55125,4431.32125,4261.34624
10/2/17,4424.4725,4414.1775,4462.00625,4376.085
10/3/17,4307.555,4424.4725,4426.06125,4246.29
10/4/17,4186.78374,4307.555,4345.28374,4179.41875
10/5/17,4325.23625,4186.78374,4355.89375,4150.7575
10/6/17,4370.16875,4325.23625,4417.45125,4316.85999
10/7/17,4446.17249,4370.16875,4461.66,4330.28374
10/8/17,4624.34875,4446.17249,4625.22,4419.19375
10/9/17,4789.30125,4624.34875,4870.04125,4554.0275
10/10/17,4741.70875,4789.30125,4909.18124,4726.28
10/11/17,4858.60499,4741.70875,4882.695,4730.87875
10/12/17,5728.5475,4858.60499,5856.09875,4843.695
10/13/17,5666.97875,5728.5475,5813.26875,5432.3525
10/14/17,5779.07375,5666.97875,5844.77125,5570.04
10/15/17,5607.01,5779.07375,5796.2425,5439.9825
10/16/17,5643.55375,5607.01,5789.795,5569.3075
10/17/17,5495.03875,5643.55375,5685.35,5461.02625
10/18/17,5627.08625,5495.03875,5639.68625,5109.7
10/19/17,5686.52625,5627.08625,5735.155,5544.70375
10/20/17,6098.115,5686.52625,6112.18875,5611.1175
10/21/17,5949.07875,6098.115,6183.9825,5886.65125
10/22/17,5969.795,5949.07875,6031.74625,5733.01875
10/23/17,5649.005,5969.795,6050.20375,5564.77375
10/24/17,5550.85875,5649.005,5769.27,5374.5975
10/25/17,5776.87875,5550.85875,5784.57625,5430.75
10/26/17,5923.70625,5776.87875,5995.92625,5695.33125
10/27/17,5737.1025,5923.70625,5926.64,5691.7575
10/28/17,5741.7225,5737.1025,5806.9225,5667.34875
10/29/17,6151.325,5741.7225,6306.5775,5733.85625
10/30/17,6130.56375,6151.325,6218.48875,6026.68875
10/31/17,6424.515,6130.56375,6458.26625,6089.47375
11/1/17,6879.365,6424.515,6922.9,6357.91
11/2/17,7199.2375,6879.365,7355.35,6798.3975
11/3/17,7210.46875,7199.2375,7454.03875,6994.8775
11/4/17,7376.7425,7210.46875,7503.71875,7100.51125
11/5/17,7231.93,7376.7425,7601.535,7202.47125
11/6/17,7123.89375,7231.93,7423.05875,6932.42875
11/7/17,7356.50625,7123.89375,7377.9625,6978.5875
11/8/17,7342.82375,7356.50625,7879.06,7095.42375
11/9/17,7250.77,7342.82375,7439.385,7058.35125
11/10/17,6773.695,7250.77,7305.295,6422.975
11/11/17,6075.30125,6773.695,6806.04375,6062.08625
11/12/17,5969.13,6075.30125,6466.46,5507.29
11/13/17,6666.27125,5969.13,6770.37,5949.5025
11/14/17,6867.42625,6666.27125,6910.2475,6442.4
11/15/17,7259.3,6867.42625,7336.80125,6798.9325
11/16/17,7924.1825,7259.3,7998.39625,7172.755
11/17/17,7598.2775,7924.1825,7984.68375,7460.11125
11/18/17,7787.45625,7598.2775,7848.94125,7546.33375
11/19/17,7954.7675,7787.45625,8101.91,7678.375
11/20/17,7879.06,7954.7675,8286.17375,7818.5025
11/21/17,8150.6325,7879.06,8362.3025,7828.535
11/22/17,8208.75375,8150.6325,8294.495,8095.08125
11/23/17,8094.445,8208.75375,8264.3875,7892.68
11/24/17,8190.87125,8094.445,8333.17375,8025.19625
11/25/17,8851.305,8190.87125,8909.31,8190.87125
11/26/17,9573.9675,8851.305,9682.10125,8834.3875
11/27/17,9713.09625,9573.9675,9743.12375,9382.13125
11/28/17,10295.6225,9713.09625,10358.30625,9690.33375
11/29/17,10542.6625,10295.6225,11377.33375,9290.29625
11/30/17,9706.10375,10542.6625,10681.85125,9021.84874
12/1/17,10923.20125,9706.10375,11082.27,9421.45624
12/2/17,10973.54375,10923.20125,11156.145,10705.12999
12/3/17,11382.20875,10973.54375,11831.5125,10495.5625
12/4/17,11597.23125,11382.20875,11662.84375,10875.71375
12/5/17,12230.365,11597.23125,12273.54,11473.50875
12/6/17,13734.52,12230.365,14097.04,12152.1075
12/7/17,16403.42125,13734.52,17153.94125,13731.82
12/8/17,15732.1,16403.42125,16590.21375,13963.52875
12/9/17,13152.52875,15732.1,15859.42375,13152.52875
12/10/17,16299.2975,13152.52875,16587.8425,13152.52875
12/11/17,16374.8975,16299.2975,17382.63874,16031.4475
12/12/17,16678.28749,16374.8975,17615.4725,16259.2775
12/13/17,16246.13875,16678.28749,17335.73125,15799.8675
12/14/17,17221.65125,16246.13875,17583.2,16152.01375
12/15/17,17436.5975,17221.65125,17872.555,16999.70375
12/16/17,19166.97874,17436.5975,19521.7825,17436.5975
12/17/17,18640.2625,19166.97874,19783.20625,18094.19374
12/18/17,18984.7675,18640.2625,19227.0825,18329.145
12/19/17,16862.57125,18984.7675,18984.7675,15577.7425
12/20/17,16925.0175,16862.57125,17822.56625,15683.86125
12/21/17,14182.46499,16925.0175,17301.21125,13077.93666
12/22/17,14694.5825,14182.46499,14976.25625,10834.94375
12/23/17,14103.21875,14694.5825,15704.34625,13483.4575
12/24/17,13387.34875,14103.21875,14489.48375,12508.425
12/25/17,14652.3675,13387.34875,14670.675,13196.82625
12/26/17,15846.07375,14652.3675,16079.32375,14553.87375
12/27/17,14362.40375,15846.07375,16476.18,13935.615
12/28/17,14867.5725,14362.40375,14997.83375,13498.77875
12/29/17,13643.695,14867.5725,15076.0625,13406.67125
12/30/17,13062.145,13643.695,13826.04125,12182.52375
12/31/17,13439.4175,13062.145,14213.44125,12587.60375
1/1/18,13337.62125,13439.4175,13892.2425,12859.8025
1/2/18,14881.545,13337.62125,15216.75625,12955.965
1/3/18,15104.45,14881.545,15394.98625,14588.595
1/4/18,14953.8525,15104.45,15194.40625,14225.16625
1/5/18,16576.69625,14953.8525,17118.35625,14816.50875
1/6/18,16735.10625,16576.69625,17211.92375,16254.94875
1/7/18,15632.41125,16735.10625,16861.20875,15546.415
1/8/18,15242.93625,15632.41125,15944.5225,13957.9125
1/9/18,14122.825,15242.93625,15360.1325,13968.24375
1/10/18,13269.5975,14122.825,14942.61125,13161.5775
1/11/18,13633.36375,13269.5975,14198.5325,12845.7125
1/12/18,14165.90625,13633.36375,14262.0075,13363.81
1/13/18,14217.3625,14165.90625,14536.54,14013.9475
1/14/18,13519.92625,14217.3625,14245.52,13051.59375
1/15/18,12915.11625,13519.92625,14307.53375,12762.9975
1/16/18,10870.16875,12915.11625,13211.24625,10063.1175
1/17/18,11340.65,10870.16875,11764.13625,9199.5925
1/18/18,11137.36875,11340.65,12045.095,10663.945
1/19/18,11742.94125,11137.36875,11955.4425,11022.02875
1/20/18,12486.06625,11742.94125,13007.25125,11596.715
1/21/18,11508.62,12486.06625,12486.06625,11096.0525
1/22/18,10872.9025,11508.62,11868.715,10050.7925
1/23/18,10830.9275,10872.9025,11358.33625,9972.2875
1/24/18,11629.375,10830.9275,11710.9975,10497.15375
1/25/18,11524.345,11629.375,11629.375,10889.045
1/26/18,11005.615,11524.345,11540.4075,10321.04125
1/27/18,11452.23,11005.615,11574.36125,10855.46
1/28/18,11412.79375,11452.23,11942.255,11303.365
1/29/18,10917.15125,11412.79375,11480.56375,10805.81625
1/30/18,9914.4725,10917.15125,11063.8,9627.88875
1/31/18,9970.30875,9914.4725,10334.41875,9688.28
2/1/18,8715.59499,9970.30875,10169.8225,8563.9275
2/2/18,8285.50124,8715.59499,9095.79999,7695.10375
2/3/18,9192.045,8285.50124,9471.45624,8192.62999
2/4/18,8136.39,9192.045,9363.41124,7859.5125
2/5/18,6332.37,8136.39,8346.90625,6197.98
2/6/18,7270.5075,6332.37,7957.3425,5947.39625
2/7/18,7987.28125,7270.5075,8582.92625,7207.97125
2/8/18,8086.7725,7987.28125,8621.275,7808.22
2/9/18,8930.13875,8086.7725,9005.03375,7754.67
2/10/18,8045.44,8930.13875,9070.63875,8030.6725
2/11/18,8478.92499,8045.44,8566.15875,7845.12625
2/12/18,8766.8525,8478.92499,8977.0775,8362.84125
2/13/18,8693.2525,8766.8525,8772.87999,8370.48375
2/14/18,9659.2875,8693.2525,9722.5475,8693.2525
2/15/18,10110.83875,9659.2875,10293.44,9496.01874
2/16/18,10474.77125,10110.83875,10496.205,9718.59375
2/17/18,10855.9375,10474.77125,11279.17875,10472.71625
2/18/18,10537.00625,10855.9375,10963.68625,10156.38125
2/19/18,11416.03875,10537.00625,11497.405,10405.97625
2/20/18,10928.02,11416.03875,11767.5775,10871.53125
2/21/18,10727.9525,10928.02,11180.56125,10244.32125
2/22/18,9809.72125,10727.9525,10913.64875,9592.95999
2/23/18,10412.36875,9809.72125,10454.48,9705.1625
2/24/18,9585.285,10412.36875,10509.625,9381.17125
2/25/18,9627.71625,9585.285,9858.15749,9304.6825
2/26/18,10272.9025,9627.71625,10443.27625,9386.48625
2/27/18,10903.01875,10272.9025,10953.17375,10226.84874
2/28/18,10352.04625,10903.01875,11044.16125,10222.435
3/1/18,11100.2925,10352.04625,11165.6575,10329.06
3/2/18,11305.1225,11100.2925,11351.24,10784.22125
3/3/18,11171.8175,11305.1225,11498.415,11127.895
3/4/18,11558.475,11171.8175,11574.94125,11067.785
3/5/18,11246.7475,11558.475,11660.2425,11182.55125
3/6/18,10735.88625,11246.7475,11323.345,10584.95875
3/7/18,9552.75875,10735.88625,10810.4775,9468.44625
3/8/18,8980.19249,9552.75875,10101.28125,8897.02249
3/9/18,9251.2925,8980.19249,9413.14625,8370.79625
3/10/18,8680.6075,9251.2925,9505.25625,8474.54
3/11/18,9433.47374,8680.6075,9730.08124,8588.22875
3/12/18,9047.5125,9433.47374,9885.2225,8778.20624
3/13/18,9260.70875,9047.5125,9474.6775,8860.875
3/14/18,7895.98875,9260.70875,9260.70875,7760.53125
3/15/18,8039.6025,7895.98875,8413.11125,7676.51875
3/16/18,8206.555,8039.6025,8599.54,8035.64
3/17/18,7667.99,8206.555,8342.135,7559.26375
3/18/18,8189.49125,7667.99,8434.9275,7335.5725
3/19/18,8597.3375,8189.49125,8702.465,8130.24
3/20/18,9028.2975,8597.3375,9050.51625,8324.26125
3/21/18,9023.7175,9028.2975,9159.90125,8765.57
3/22/18,8411.6525,9023.7175,9045.44249,8347.285
3/23/18,8881.98625,8411.6525,8970.66124,8296.32625
3/24/18,8548.8125,8881.98625,9000.44375,8462.90375
3/25/18,8429.33124,8548.8125,8660.48749,8370.48875
3/26/18,7854.6375,8429.33124,8476.96875,7826.01375
3/27/18,7863.255,7854.6375,8130.44875,7744.82125
3/28/18,7866.36,7863.255,8096.01625,7814.895
3/29/18,6861.325,7866.36,7868.8325,6686.85
3/30/18,6970.36375,6861.325,7266.065,6593.73625
3/31/18,6926.875,6970.36375,7213.50375,6796.82125
4/1/18,6986.835,6926.875,7023.0875,6443.20125
4/2/18,7182.12,6986.835,7194.8425,6854.62375
4/3/18,7295.89,7182.12,7506.6775,7182.12
4/4/18,6769.48375,7295.89,7385.70875,6583.85375
4/5/18,6766.5925,6769.48375,6918.6975,6630.9025
4/6/18,6854.92125,6766.5925,6892.49375,6513.1025
4/7/18,6964.4325,6854.92125,7050.49625,6783.28625
4/8/18,7125.53875,6964.4325,7159.98,6897.75
4/9/18,6789.2675,7125.53875,7170.76,6616.57125
4/10/18,6824.49375,6789.2675,6878.08375,6659.51
4/11/18,6941.63875,6824.49375,6964.0825,6807.4375
4/12/18,7823.55875,6941.63875,8055.20125,6766.37
4/13/18,8040.88125,7823.55875,8218.70375,7767.79875
4/14/18,8083.57375,8040.88125,8174.69875,7882.1425
4/15/18,8160.4125,8083.57375,8407.7175,8060.46875
4/16/18,8030.57,8160.4125,8162.8075,7909.14125
4/17/18,7937.61,8030.57,8151.0975,7834.4
4/18/18,8188.71875,7937.61,8253.88625,7886.1775
4/19/18,8333.81374,8188.71875,8380.25124,8104.87875
4/20/18,8866.67,8333.81374,8930.43,8221.25375
4/21/18,8830.05875,8866.67,9021.07,8615.67625
4/22/18,8868.16124,8830.05875,9009.82,8761.88375
4/23/18,9191.82,8868.16124,9220.9675,8818.75875
4/24/18,9373.3025,9191.82,9746.81749,9191.82
4/25/18,8807.515,9373.3025,9514.41375,8662.285
4/26/18,9153.64125,8807.515,9303.01874,8660.8675
4/27/18,9144.38375,9153.64125,9372.38375,8873.65166
4/28/18,9444.1425,9144.38375,9536.64,9085.22374
4/29/18,9268.7175,9444.1425,9472.4975,9182.6775
4/30/18,8949.87624,9268.7175,9344.89125,8883.5875
5/1/18,9029.47875,8949.87624,9134.9525,8842.03249
5/2/18,9228.8525,9029.47875,9262.32625,9025.18625
5/3/18,9572.69875,9228.8525,9790.94249,9162.18625
5/4/18,9817.5975,9572.69875,9855.62875,9572.69875
5/5/18,9845.54375,9817.5975,9954.95375,9700.90625
5/6/18,9326.76125,9845.54375,9869.65,9229.74875
5/7/18,9424.99124,9326.76125,9454.91875,9188.65875
5/8/18,9039.02875,9424.99124,9426.52,9003.135
5/9/18,9327.04999,9039.02875,9360.41,8975.97374
5/10/18,8920.25625,9327.04999,9383.295,8874.54
5/11/18,8408.35875,8920.25625,9002.49,8350.12875
5/12/18,8442.23875,8408.35875,8642.8025,8220.5175
5/13/18,8398.86249,8442.23875,8758.58124,8343.305
5/14/18,8711.38875,8398.86249,8878.945,8296.14125
5/15/18,8159.25625,8711.38875,8835.5125,8110.32625
5/16/18,8360.22875,8159.25625,8458.52625,8146.6825
5/17/18,7996.82125,8360.22875,8373.22374,7931.42875
5/18/18,8237.3425,7996.82125,8273.5375,7972.5875
5/19/18,8250.395,8237.3425,8392.77125,8154.14625
5/20/18,8493.13125,8250.395,8582.8025,8230.20999
5/21/18,8324.025,8493.13125,8566.1375,8260.78125
5/22/18,7951.51375,8324.025,8344.72374,7866.72875
5/23/18,7614.96375,7951.51375,7951.8025,7442.241484
5/24/18,7599.9525,7614.96375,7721.83125,7272.645
5/25/18,7436.835,7599.9525,7651.105547,7335.300817
5/26/18,7296.79625,7436.835,7617.84528,7226.65
5/27/18,7383.2175,7296.79625,7431.44,7251.02
5/28/18,7118.42375,7383.2175,7386.68,7043.282359
5/29/18,7491.61125,7118.42375,7562.366729,7051.957839
5/30/18,7363.27625,7491.61125,7541.095759,7282.183728
5/31/18,7490.62125,7540.810522,7614.063908,7361.565
6/1/18,7518.333329,7494.065482,7599.180474,7393.287588
6/2/18,7630.403388,7516.612569,7696.542926,7450.698017
6/3/18,7716.145068,7638.232021,7774.829285,7600.263944
6/4/18,7505.589277,7706.639829,7760.178308,7451.523947
6/5/18,7624.187971,7505.589281,7671.307622,7361.002623
6/6/18,7658.57,7617.98,7694.6,7485
6/7/18,7684.93,7658.57,7747,7630
6/8/18,7618.11,7684.93,7697,7540
6/9/18,7495.1,7618.11,7678,7468.39
6/10/18,6770.31,7495.1,7496.41,6645
6/11/18,6780.340803,6680.21686,6798.662936,6673.12368
6/12/18,6525.329182,6870.410349,6907.50249,6465.076128
6/13/18,6321.655965,6525.096386,6599.719555,6154.350129
6/14/18,6601.324158,6296.326859,6671.788652,6270.445304
6/15/18,6397.44117,6632.446195,6642.518193,6396.940015
6/16/18,6529.544015,6397.44117,6544.614891,6329.190046
6/17/18,6482.868697,6491.968323,6555.9438,6431.089233
6/18/18,6711.64967,6442.528523,6772.249183,6382.442661
6/19/18,6731.710147,6706.626795,6808.166271,6669.843567
6/20/18,6736.867721,6735.936984,6806.363426,6569.906701
6/21/18,6729.925937,6760.255096,6787.424078,6682.936194
6/22/18,6099.445277,6729.498689,6729.900593,5987.768386
6/23/18,6198.700824,6041.926012,6313.565038,6019.834015
6/24/18,6142.39257,6198.040366,6257.116743,5796.492519
6/25/18,6244.328455,6146.279887,6321.135782,6090.149999
6/26/18,6148.422705,6237.509614,6267.872,6101.731205
6/27/18,6140.1915,6153.025474,6160.893065,6004.181118
6/28/18,5954.526582,6143.851708,6185.04441,5913.012632
6/29/18,6189.309252,5952.988658,6226.676707,5809.869959
6/30/18,6343.8922,6185.103664,6449.892081,6137.955883
7/1/18,6373.277854,6393.223356,6445.831244,6258.346633
7/2/18,6629.749595,6373.184975,6682.757452,6269.923682
7/3/18,6482.830594,6614.419253,6678.19556,6471.690858
7/4/18,6589.632793,6511.020037,6788.307492,6415.496256
7/5/18,6538.682432,6590.003356,6699.790032,6460.276241
7/6/18,6596.53,6532.95,6638,6443.16898
7/7/18,6570.427592,6580.314622,6621.102558,6501.459277
7/8/18,6744.988679,6570.427115,6800.015281,6570.405832
7/9/18,6694.530851,6744.988679,6798.959786,6667.489981
7/10/18,6364.38759,6694.530851,6701.549171,6326.492899
7/11/18,6360.446668,6296.981692,6400.579589,6271.592929
7/12/18,6144.810118,6374.974582,6375.068356,6126.029743
7/13/18,6215.59,6244.68,6335.602954,6126.889781
7/14/18,6254.678129,6254.799008,6323.038256,6182.083723
7/15/18,6366.349904,6254.678129,6398.468153,6230.848947
7/16/18,6671.625919,6356.108875,6709.159824,6335.123157
7/17/18,7315.55104,6727.456337,7379.234744,6658.408659
7/18/18,7359.737018,7316.147712,7581.570739,7245.303111
7/19/18,7484.63967,7359.737036,7557.513087,7282.772794
7/20/18,7357.445677,7484.639663,7697.005345,7281.406498
7/21/18,7424.734238,7337.282091,7456.464384,7215.327022
7/22/18,7411.200525,7424.503503,7571.740451,7341.523165
7/23/18,7730.24748,7400.464661,7805.491249,7374.251359
7/24/18,8325.801534,7730.248177,8359.319474,7695.982837
7/25/18,8271.59792,8320.159947,8486.01168,8056.018565
7/26/18,7925.247396,8269.532335,8313.126681,7914.600936
7/27/18,8254.277348,7933.125251,8277.703662,7801.009443
7/28/18,8184.695535,8182.375003,8233.482102,8063.326116
7/29/18,8201.89009,8184.696086,8292.515658,8119.71331
7/30/18,8166.38836,8215.215969,8274.533757,7862.074283
7/31/18,7700.834129,8166.688399,8198.484617,7666.290884
8/1/18,7588.58618,7732.347291,7751.87765,7440.241506
8/2/18,7547.314951,7589.374917,7698.487139,7460.295
8/3/18,7423.074378,7527.040399,7533.667263,7271.202487
8/4/18,7396.041122,7423.075093,7501.316029,7359.236813
8/5/18,7411.515299,7395.622456,7413.130811,7386.062077
8/6/18,7402.336634,7411.5153,7417.408688,7401.375071
8/7/18,6748.441484,7402.336631,7412.287461,6678.28556
8/8/18,6460.153155,6721.43509,6750.408312,6396.088336
8/9/18,6482.973449,6460.153697,6483.498065,6455.990701
8/10/18,6092.533104,6482.968724,6494.016385,6008.854855
8/11/18,6391.599258,6101.856478,6473.271658,5982.215632
8/12/18,6338.738957,6392.972745,6450.72431,6147.760509
8/13/18,6260.192995,6338.738903,6532.599017,6150.224816
8/14/18,6123.447601,6256.844082,6285.55769,5884.779259
8/15/18,6332.6069,6186.971207,6587.317958,6180.25542
8/16/18,6273.88807,6332.6069,6467.86245,6210.161423
8/17/18,6566.595283,6277.041776,6572.931093,6259.389957
8/18/18,6396.946369,6559.693837,6616.676752,6300.114994
8/19/18,6516.668382,6391.086269,6539.964724,6302.207382
8/20/18,6299.395333,6516.772572,6523.486097,6280.326328
8/21/18,6470.733567,6252.328859,6494.665011,6240.901886
8/22/18,6355.881809,6470.074511,6882.835906,6250.653823
8/23/18,6503.832362,6360.216985,6559.279489,6347.079538
8/24/18,6675.360683,6525.526663,6711.493665,6456.798837
8/25/18,6725.032327,6683.354502,6781.075889,6657.387532
8/26/18,6689.822683,6725.032327,6776.896406,6570.729822
8/27/18,6756.628926,6702.39195,6768.305515,6646.168014
8/28/18,7084.293617,6753.31045,7126.730535,6739.190715
8/29/18,7059.231235,7079.540613,7133.646631,6923.645531
8/30/18,6938.914582,7040.075012,7063.44051,6805.198514
8/31/18,7028.447312,6938.762942,7089.1748,6877.286733
9/1/18,7198.058436,7028.447311,7273.526925,7002.341106
9/2/18,7282.858514,7198.057948,7339.812044,7130.172251
9/3/18,7260.251593,7282.231751,7335.455082,7198.264981
9/4/18,7361.271864,7263.067297,7417.667037,7240.376738
9/5/18,6913.115013,7359.974361,7399.538604,6860.772764
9/6/18,6471.493884,6913.115013,6927.094091,6301.93633
9/7/18,6400.268706,6515.39349,6539.798813,6318.952229
9/8/18,6181.744207,6400.3353,6479.20264,6120.293704
9/9/18,6253.937201,6183.97778,6447.313782,6144.924046
9/10/18,6275.083132,6253.935863,6379.81011,6226.244827
9/11/18,6275.669588,6275.086286,6278.477001,6270.784163
9/12/18,6277.494409,6275.667962,6278.128034,6270.935037
9/13/18,6283.1842,6277.232888,6284.247704,6277.230431
9/14/18,6285.982466,6283.1845,6287.36465,6279.938808
9/15/18,6280.310107,6284.486393,6286.252578,6279.348037
9/16/18,6281.409356,6280.041314,6282.095007,6277.600747
9/17/18,6273.220083,6281.409355,6282.800877,6271.079572
9/18/18,6278.595486,6273.220083,6280.962297,6271.894453
9/19/18,6282.610727,6277.484108,6291.6152,6265.094017
9/20/18,6288.07017,6388.4,6532.96,6276.09445
9/21/18,6317.699685,6288.070074,6327.366866,6286.82408
9/22/18,6293.836421,6317.699923,6319.325727,6292.470693
9/23/18,6289.621327,6293.836421,6294.346274,6287.252102
9/24/18,6466.994564,6289.620676,6662.423134,6286.529049
9/25/18,6391.385981,6466.994518,6480.688089,6331.802231
9/26/18,6509.776621,6391.385985,6559.484428,6389.429599
9/27/18,6698.416047,6509.777014,6737.943844,6435.757875
9/28/18,6502.688151,6698.416756,6799.930721,6487.953569
9/29/18,6576.61432,6502.686952,6633.760949,6468.403572
9/30/18,6647.387947,6576.616083,6664.394229,6537.792079
10/1/18,6603.754342,6647.387803,6659.79686,6510.647196
10/2/18,6576.354229,6539.322738,6585.475311,6532.148927
10/3/18,6481.24577,6577.997152,6578.001542,6433.655985
10/4/18,6594.935786,6506.454452,6642.005362,6501.934563
10/5/18,6630.575297,6594.935786,6680.775154,6554.811033
10/6/18,6595.260326,6634.134241,6644.564476,6571.472662
10/7/18,6591.686318,6595.260368,6637.223291,6547.187842
10/8/18,6662.8685,6614.103706,6696.495814,6591.206968
10/9/18,6663.021071,6662.868499,6676.230859,6601.479356
10/10/18,6619.495845,6663.020979,6663.020979,6546.963287
10/11/18,6285.859203,6628.470053,6628.582997,6221.48545
10/12/18,6309.198921,6285.506332,6350.784169,6207.718289
10/13/18,6331.131154,6309.19844,6336.091101,6271.48444
10/14/18,6361.417016,6329.97705,6408.601641,6319.713209
10/15/18,6721.587503,6341.380722,7586.524634,6306.184686
10/16/18,6724.833078,6723.097511,6897.033441,6679.922098
10/17/18,6444.74701,6724.833124,6802.158612,6432.047212
10/18/18,6374.648863,6450.064663,6486.474922,6335.173505
10/19/18,6372.686817,6374.648863,6407.227988,6339.265011
10/20/18,6407.479085,6360.83549,6438.790347,6342.061455
10/21/18,6412.530491,6406.390391,6472.834459,6398.003393
10/22/18,6396.880154,6412.204305,6437.074557,6362.332866
10/23/18,6396.252324,6405.565596,6434.977703,6352.138046
10/24/18,6407.667175,6402.02255,6460.249804,6383.94633
10/25/18,6405.500726,6412.566041,6421.783207,6358.259247
10/26/18,6392.179337,6405.336552,6448.028506,6370.195735
10/27/18,6436.355484,6392.845687,6442.889414,6389.344445
10/28/18,6429.687141,6441.739221,6442.090373,6408.770584
10/29/18,6266.189683,6430.150405,6439.457696,6211.560523
10/30/18,6276.4645,6265.91015,6313.272457,6247.517585
10/31/18,6321.713671,6276.734671,6394.783431,6207.057336
11/1/18,6341.094813,6322.093628,6376.656227,6296.589337
11/2/18,6360.141272,6340.400656,6409.156466,6336.649751
11/3/18,6344.738943,6360.719812,6371.23797,6292.151812
11/4/18,6405.139755,6344.738943,6473.778438,6318.627622
11/5/18,6396.352124,6405.140331,6440.957228,6374.69889
11/6/18,6425.917802,6404.377175,6449.998745,6377.542775
11/7/18,6514.489453,6426.655222,6553.951932,6424.658626
11/8/18,6412.524289,6518.336088,6530.733661,6400.936546
11/9/18,6343.632504,6412.524,6433.253185,6309.652653
11/10/18,6365.655232,6338.781895,6396.877364,6335.218051
11/11/18,6327.480646,6360.005434,6380.813434,6292.721847
11/12/18,6327.154696,6370.273273,6391.766568,6305.010271
11/13/18,6282.438677,6327.154697,6331.487634,6245.238174
11/14/18,5524.801093,6281.604411,6295.953866,5390.11663
11/15/18,5511.152834,5524.764809,5692.068952,5244.694267
11/16/18,5448.600634,5573.017153,5608.722588,5423.050404
11/17/18,5497.411279,5513.42386,5564.028968,5466.50059
11/18/18,5553.014895,5497.367784,5638.976973,5495.677822
11/19/18,4800.342897,5553.014747,5610.149551,4708.864255
11/20/18,4246.312774,4744.619841,4888.622712,4076.594717
11/21/18,4478.299558,4364.741549,4631.902485,4250.165063
11/22/18,4405.744031,4476.227244,4591.879115,4354.568649
11/23/18,4329.91722,4405.744487,4405.744585,4119.999691
11/24/18,3728.872648,4329.925425,4378.509892,3668.61397
11/25/18,3951.205029,3788.289089,4101.999387,3447.576041
11/26/18,3640.557165,3951.21152,4064.748217,3530.721646
11/27/18,3792.192364,3640.937925,3830.820142,3559.324065
11/28/18,4174.319972,3792.195994,4341.439922,3752.446179
11/29/18,4218.608363,4220.323335,4400.462583,4082.319821
11/30/18,3952.447895,4241.7447,4299.976374,3878.658101
12/1/18,4178.603828,3953.521462,4251.369948,3904.394191
12/2/18,4118.518242,4138.47706,4255.954021,4038.098584
12/3/18,3847.032737,4092.851115,4104.858957,3755.326092
12/4/18,3889.29212,3847.02046,4034.531558,3724.003343
12/5/18,3713.573383,3889.292261,3913.531776,3675.541484
12/6/18,3578.206624,3696.351467,3838.120977,3547.013939
12/7/18,3391.874146,3578.207206,3621.501257,3201.762797
12/8/18,3452.616185,3391.878176,3475.930178,3251.835797
12/9/18,3507.306367,3452.588499,3642.41485,3374.366987
12/10/18,3419.733768,3528.120201,3591.236734,3355.642553
12/11/18,3360.946628,3409.162882,3428.100418,3294.037452
12/12/18,3414.833749,3360.956191,3474.391356,3324.92518
12/13/18,3263.547913,3427.049729,3435.142473,3233.263656
12/14/18,3212.207081,3262.271683,3300.651394,3138.099494
12/15/18,3194.962272,3212.207159,3227.86742,3122.342716
12/16/18,3200.642468,3178.299355,3256.600326,3176.353015
12/17/18,3478.461203,3199.176265,3579.814884,3181.701395
12/18/18,3562.894946,3478.46099,3573.240335,3429.858731
12/19/18,3709.316759,3664.658829,3929.098491,3642.828665
12/20/18,4065.799953,3709.323532,4160.296726,3662.743439
12/21/18,3824.739794,4065.773617,4164.550651,3774.323684
12/22/18,3862.726329,3838.230387,3929.859591,3791.905375
12/23/18,3949.794342,3862.726329,4052.230547,3862.722999
12/24/18,4054.29626,3942.737776,4241.436134,3942.669448
12/25/18,3767.350024,4030.003413,4045.572084,3677.043649
12/26/18,3807.153022,3767.872104,3869.401164,3682.681845
12/27/18,3587.198223,3809.295204,3842.311793,3571.152376
12/28/18,3865.5293,3587.235351,3945.244649,3558.737717
12/29/18,3725.48,3888.06,3941.09,3703.02
12/30/18,3832.4,3728.96,3864.73,3689.6
12/31/18,3689.56462,3689.972338,3690.306792,3689.47512
1/1/19,3715.564441,3693.330067,3741.881855,3644.876282
1/2/19,3882.304754,3715.564384,3900.709127,3711.274108
1/3/19,3795.592741,3882.303622,3916.197684,3760.944042
1/4/19,3812.381108,3781.020706,3844.986111,3725.739663
1/5/19,3809.914343,3812.381119,3866.417432,3775.828878
1/6/19,4014.133187,3797.034097,4063.945356,3758.516526
1/7/19,3989.631741,4032.459166,4060.8648,3526.139278
1/8/19,3992.986144,3989.631753,4096.383035,3947.035924
1/9/19,3995.325193,3981.9383,4023.73449,3965.976346
1/10/19,3617.346291,3995.325181,4025.528311,3570.07696
1/11/19,3606.16489,3617.268962,3676.732346,3572.674979
1/12/19,3611.528238,3609.129566,3644.344105,3564.627889
1/13/19,3497.669392,3614.420848,3642.047723,3480.83289
1/14/19,3654.347067,3497.669615,3696.069001,3488.718715
1/15/19,3568.751259,3653.680318,3679.703656,3544.429551
1/16/19,3593.72174,3568.682666,3662.918729,3567.148796
1/17/19,3623.717337,3603.551637,3644.731298,3546.309687
1/18/19,3605.855187,3623.7175,3641.961038,3578.425318
1/19/19,3690.908564,3605.855117,3735.35654,3602.420476
1/20/19,3544.221724,3680.284747,3701.454802,3490.703684
1/21/19,3528.463529,3544.221816,3558.233818,3496.602642
1/22/19,3581.551947,3528.463928,3605.741677,3444.686471
1/23/19,3549.770799,3572.68895,3608.876902,3521.835474
1/24/19,3562.920476,3555.861961,3591.593897,3530.547309
1/25/19,3566.666164,3571.808887,3574.12437,3522.424187
1/26/19,3563.27801,3566.666225,3648.499903,3541.170987
1/27/19,3539.620947,3563.160202,3564.954936,3481.38447
1/28/19,3425.262161,3530.20371,3541.417161,3374.463901
1/29/19,3395.018645,3429.707749,3438.068371,3346.143188
1/30/19,3441.032215,3395.224799,3460.23195,3371.688746
1/31/19,3420.633227,3434.521847,3471.247461,3394.284634
2/1/19,3439.805699,3412.722219,3454.414301,3375.731683
2/2/19,3433.035285,3440.076847,3453.694339,3409.541106
2/3/19,3404.499313,3433.044895,3487.571973,3386.579366
2/4/19,3412.230431,3417.022943,3442.638096,3393.99421
2/5/19,3419.767899,3412.230378,3433.689632,3398.955745
2/6/19,3367.519032,3428.981335,3441.92046,3344.124422
2/7/19,3360.534076,3365.529473,3380.783837,3349.75599
2/8/19,3591.022152,3360.534447,3702.481571,3343.343493
2/9/19,3617.46468,3621.627386,3638.49429,3590.289224
2/10/19,3621.154003,3617.464502,3631.038219,3577.980093
2/11/19,3593.183177,3621.173667,3653.116621,3579.428994
2/12/19,3579.341881,3593.183267,3616.423243,3546.249433
2/13/19,3569.554833,3589.224148,3625.790495,3556.898552
2/14/19,3558.396858,3569.554837,3587.773513,3536.428098
2/15/19,3566.247765,3555.19948,3617.520131,3542.412504
2/16/19,3596.405191,3566.23715,3607.963504,3564.609675
2/17/19,3606.151988,3596.388615,3662.620411,3558.757213
2/18/19,3865.318165,3606.132961,3925.121367,3598.924256
2/19/19,3904.48292,3869.834104,3975.889598,3842.300685
2/20/19,3924.739844,3904.465644,3964.555496,3861.120342
2/21/19,3889.758485,3924.739844,3979.057929,3870.950163
2/22/19,3933.60759,3898.507867,3953.534813,3889.619696
2/23/19,4105.112759,3933.606112,4146.011274,3912.744127
2/24/19,3763.620516,4105.095188,4178.658614,3697.82002
2/25/19,3819.865341,3763.622167,3852.370301,3729.685214
2/26/19,3797.58179,3819.879316,3831.029065,3762.212195
2/27/19,3772.936335,3796.637284,3824.165879,3666.524016
2/28/19,3799.678543,3773.441461,3879.231185,3753.800022
3/1/19,3811.611979,3799.367026,3840.044823,3788.918498
3/2/19,3804.41917,3806.691513,3819.194356,3759.409216
3/3/19,3782.664101,3807.845756,3818.695481,3766.242048
3/4/19,3689.862893,3783.355063,3804.353616,3663.477743
3/5/19,3832.080885,3701.049871,3866.718704,3688.697154
3/6/19,3848.95637,3832.592429,3881.96577,3802.516054
3/7/19,3859.839983,3848.956367,3890.745492,3827.670303
3/8/19,3828.371904,3859.800616,3917.997566,3778.516481
3/9/19,3898.86846,3841.887138,3948.88414,3832.144912
3/10/19,3899.655869,3916.756192,3921.934211,3865.915781
3/11/19,3851.24919,3899.459274,3913.45552,3819.928943
3/12/19,3866.295946,3851.623882,3879.971604,3795.675857
3/13/19,3846.274442,3866.295957,3873.719094,3823.808796
3/14/19,3855.744363,3846.27445,3897.72571,3792.391914
3/15/19,3892.052301,3855.744324,3908.278294,3843.448963
3/16/19,3985.851236,3892.052229,4033.682777,3891.818369
3/17/19,3970.389045,3989.536665,3992.605506,3931.58218
3/18/19,3974.415764,3970.383597,4020.892414,3931.674029
3/19/19,3996.037131,3970.281987,4020.007072,3949.892921
3/20/19,4027.787395,3996.037055,4034.526497,3964.793637
3/21/19,3974.811429,4026.588651,4053.538056,3904.836084
3/22/19,3987.305225,3974.811248,4002.532316,3957.944316
3/23/19,3977.707443,3977.276039,4006.984568,3961.802425
3/24/19,3968.438701,3977.707443,3990.965292,3940.879744
3/25/19,3913.781717,3972.696582,3982.232764,3903.29393
3/26/19,3915.37532,3913.781742,3928.979427,3876.720858
3/27/19,4018.59051,3925.865359,4030.357641,3914.577708
3/28/19,4008.370872,4018.59051,4033.386524,3990.008616
3/29/19,4080.260114,4008.37107,4100.149119,4006.619169
3/30/19,4081.221605,4090.750409,4128.415102,4030.061257
3/31/19,4094.704791,4081.221605,4104.536254,4073.245456
4/1/19,4135.18494,4094.704791,4148.6618,4052.601676
4/2/19,4818.770635,4135.182905,4961.780306,4132.55666
4/3/19,5102.150753,4818.773504,5325.233877,4810.244974
4/4/19,4875.599431,4966.90163,5071.589614,4787.707994
4/5/19,5030.933271,4875.596147,5060.703203,4875.596147
4/6/19,5028.321082,5032.791239,5229.957551,4934.263044
4/7/19,5198.17317,5028.320269,5247.464931,5019.333332
4/8/19,5260.205043,5192.929096,5343.247093,5088.678145
4/9/19,5179.997649,5260.200329,5285.86342,5117.006185
4/10/19,5283.543758,5179.996674,5450.989154,5170.615377
4/11/19,5049.605824,5320.613514,5342.523902,4954.160915
4/12/19,5077.515864,5042.402341,5098.606039,4894.73318
4/13/19,5066.86704,5077.521133,5117.621045,5021.765035
4/14/19,5158.387401,5066.87746,5167.43134,5014.165373
4/15/19,5045.675166,5145.870366,5181.927,4957.68689
4/16/19,5184.204468,5035.460733,5218.96154,5019.952949
4/17/19,5220.959934,5184.20448,5253.861961,5167.683374
4/18/19,5276.558982,5218.079843,5310.487045,5214.802942
4/19/19,5266.661246,5279.181428,5345.759303,5212.188471
4/20/19,5292.14833,5266.661261,5353.28683,5259.426827
4/21/19,5276.558318,5292.148328,5330.917314,5195.633537
4/22/19,5398.433417,5282.088267,5408.841963,5239.165296
4/23/19,5552.521911,5398.433417,5622.481868,5359.25192
4/24/19,5432.991017,5552.519471,5614.992209,5373.864707
4/25/19,5132.227526,5432.991017,5505.131953,5055.192579
4/26/19,5151.574528,5131.061691,5274.695485,5053.946309
4/27/19,5200.193239,5151.574408,5218.815183,5088.298122
4/28/19,5152.54574,5200.19306,5208.347656,5118.909133
4/29/19,5151.4335,5156.543028,5192.025339,5083.842704
4/30/19,5277.444469,5155.617283,5292.605385,5130.260198
5/1/19,5297.942492,5277.44445,5351.359143,5259.844026
5/2/19,5405.878067,5323.63927,5427.488394,5310.6701
5/3/19,5697.679054,5405.878111,5791.211463,5378.208048
5/4/19,5812.331779,5690.147527,5829.948913,5529.74824
5/5/19,5713.035052,5787.598598,5787.645478,5634.72385
5/6/19,5706.008421,5713.034966,5750.565609,5562.314727
5/7/19,5899.529693,5687.259841,5956.150104,5687.253246
5/8/19,5932.441391,5759.375057,5942.410892,5708.476326
5/9/19,6159.685902,5932.446285,6159.685902,5845.650918
5/10/19,6387.82945,6159.689544,6426.831207,6098.157976
5/11/19,7254.805536,6347.706737,7337.322181,6346.331889
5/12/19,6992.706661,7241.023653,7577.770675,6758.882084
5/13/19,7906.940835,6992.705887,8148.561088,6860.28668
5/14/19,7928.417416,7906.946425,8353.869652,7642.403561
5/15/19,8177.453519,7989.127708,8260.95311,7844.980238
5/16/19,7820.076243,8177.453574,8360.300191,7683.665283
5/17/19,7243.650539,7820.076541,7935.97477,6900.829403
5/18/19,7295.649729,7361.257633,7490.7942,7218.260668
5/19/19,8221.259395,7285.421427,8242.357508,7267.210918
5/20/19,7917.012499,8221.265473,8296.545603,7581.108489
5/21/19,7961.128743,7984.511103,8092.679154,7811.277222
5/22/19,7723.90388,7961.51988,8018.754546,7511.113924
5/23/19,7903.84691,7723.894267,7973.230631,7478.095035
5/24/19,8038.506791,7871.375871,8171.800838,7792.433814
5/25/19,8089.570163,7990.919816,8130.577634,7935.743891
5/26/19,8653.142368,8090.046526,8780.78203,7889.070676
5/27/19,8800.346606,8653.151802,8937.246491,8621.572192
5/28/19,8719.331485,8776.565788,8819.666297,8555.590834
5/29/19,8672.400107,8721.347641,8756.242443,8430.12989
5/30/19,8287.040256,8665.839657,9084.149997,8025.586476
5/31/19,8513.203882,8285.496394,8544.643225,8120.089479
6/1/19,8588.479505,8514.395927,8622.729981,8455.86041
6/2/19,8744.265561,8589.169642,8830.182154,8523.242741
6/3/19,8474.048229,8744.109224,8765.743462,8342.317687
6/4/19,7645.572514,8108.159569,8108.159569,7453.269352
6/5/19,7790.321135,7644.798758,7922.561139,7586.361621
6/6/19,7730.881726,7794.195924,7920.527049,7459.129076
6/7/19,8030.256079,7730.185918,8134.16682,7723.539678
6/8/19,7949.425799,8030.233856,8074.593539,7790.899834
6/9/19,7600.922492,7930.892273,7964.024535,7525.592609
6/10/19,7954.006238,7600.922505,8064.900135,7530.5341
6/11/19,7903.62525,8014.230919,8048.222661,7714.610306
6/12/19,8151.78868,7903.614632,8249.416067,7824.114084
6/13/19,8256.720099,8166.668236,8330.664352,8052.154225
6/14/19,8667.787954,8257.277693,8694.022966,8172.400277
6/15/19,8836.168413,8698.144537,8897.996023,8622.471735
6/16/19,9061.540461,8836.249652,9381.819714,8800.995665
6/17/19,9346.975087,9061.593525,9409.342462,8969.770913
6/18/19,9012.48785,9337.754059,9357.773256,8943.097105
6/19/19,9259.123638,9011.469676,9285.416716,8967.581715
6/20/19,9559.900689,9260.682723,9599.915335,9198.775257
6/21/19,9906.407965,9559.900659,9941.527077,9521.832102
6/22/19,10461.41217,10206.49034,11190.5678,10058.41627
6/23/19,10843.57097,10461.39042,11307.69355,10460.99889
6/24/19,10996.45975,10843.60177,11104.10052,10539.81244
6/25/19,11665.40968,10996.45328,11704.6219,10951.02502
6/26/19,12444.92586,11668.66586,13879.23771,11625.88109
6/27/19,11086.26883,12444.92234,13328.58031,10314.75387
6/28/19,12316.95301,11086.23572,12402.04351,10789.98414
6/29/19,12024.08097,12360.1871,12381.0417,11368.2745
6/30/19,10932.31051,12024.09452,12187.3067,10837.56007
7/1/19,10454.68382,10932.30749,11196.99575,9986.256849
7/2/19,10800.13014,10454.71189,10933.815,9676.5904
7/3/19,11942.24022,10778.91006,11967.65444,10691.66944
7/4/19,11645.52461,11942.24132,12044.07955,11488.83066
7/5/19,10946.20905,11138.77103,11440.85573,10771.35484
7/6/19,11219.046,10946.20856,11735.57094,10834.77587
7/7/19,11422.11447,11219.04951,11593.11777,11101.91516
7/8/19,12335.99939,11422.14116,12354.46303,11335.16395
7/9/19,12575.90407,12335.99155,12815.67904,12127.71218
7/10/19,12054.18379,12585.24197,13175.68774,11566.89839
7/11/19,11324.1447,12054.18281,12188.17784,11011.04112
7/12/19,11802.95996,11324.20183,11919.92206,11100.08851
7/13/19,11279.60274,11796.77215,11830.80837,10826.03516
7/14/19,10506.39583,11402.96731,11463.24252,10316.74949
7/15/19,10934.48274,10506.34821,10954.82405,9872.027243
7/16/19,9490.410516,10934.47264,11075.35282,9404.352196
7/17/19,9733.132134,9490.438127,9972.24511,9085.489499
7/18/19,10603.34887,9693.486511,10740.9887,9282.643
7/19/19,10466.26094,10603.34315,10797.63846,10133.09431
7/20/19,10983.216,10533.96325,11035.42593,10368.80107
7/21/19,10551.13163,11004.39657,11096.77442,10314.26618
7/22/19,10285.63923,10551.12785,10685.24817,10071.52249
7/23/19,10027.53261,10285.63482,10338.63884,9882.631832
7/24/19,9771.504761,9867.265028,9916.47758,9510.623987
7/25/19,9897.429352,9771.504819,10184.44037,9738.089085
7/26/19,9812.226351,9897.413446,9924.602563,9643.881829
7/27/19,9440.140037,9812.206638,10193.53397,9306.103532
7/28/19,9495.855261,9459.674242,9603.319275,9134.399352
7/29/19,9506.704273,9528.693443,9717.514278,9373.369428
7/30/19,9572.735372,9506.698028,9719.981661,9387.22372
7/31/19,10005.29447,9572.738464,10132.40473,9572.738439
8/1/19,10385.20061,10005.28929,10474.78174,9884.737728
8/2/19,10513.91147,10385.21297,10663.61879,10329.19692
8/3/19,10831.25986,10513.91475,10909.25592,10498.94443
8/4/19,10985.80754,10831.2503,11051.98579,10573.7773
8/5/19,11811.78705,10985.83088,11940.48387,10939.56908
8/6/19,11310.18722,11811.80356,12314.10766,11219.40378
8/7/19,11956.04722,11310.22164,12129.40974,11283.67611
8/8/19,11817.45548,11956.02281,12032.04653,11502.52799
8/9/19,11827.57457,11972.59295,12027.25991,11654.66325
8/10/19,11278.28125,11827.57457,11967.87796,11227.62221
8/11/19,11485.36578,11279.87554,11545.10453,11101.01485
8/12/19,11391.96865,11485.36408,11583.8907,11227.44066
8/13/19,10869.37911,11391.96383,11434.88853,10746.75595
8/14/19,10211.49858,10851.20047,10860.82397,10047.99513
8/15/19,10386.53955,10211.50951,10444.07996,9682.711422
8/16/19,10388.45059,10307.25976,10530.36531,9726.97815
8/17/19,10212.10144,10388.45804,10463.91871,9994.108246
8/18/19,10335.37284,10211.67093,10462.74951,10082.26549
8/19/19,10774.81031,10335.37448,10812.79708,10264.45646
8/20/19,10818.50701,10774.82421,10943.87041,10531.48856
8/21/19,10064.91679,10818.52263,10818.58913,9864.136684
8/22/19,10161.16475,10064.93106,10229.01701,9762.052413
8/23/19,10364.28135,10103.4429,10450.29234,10034.08645
8/24/19,10171.49746,10392.61634,10408.96385,9901.486012
8/25/19,10068.92242,10171.49019,10292.84102,9911.50882
8/26/19,10312.21504,10138.57086,10624.60517,10136.07172
8/27/19,10122.19653,10312.19686,10402.29749,10042.87929
8/28/19,9743.162051,10169.14274,10279.25422,9600.835039
8/29/19,9487.976434,9743.15873,9747.119828,9325.394154
8/30/19,9590.736337,9487.960049,9682.725536,9343.706051
8/31/19,9624.983911,9580.761352,9699.864379,9406.444484
9/1/19,9780.667897,9624.979967,9819.158622,9552.150794
9/2/19,10381.85596,9781.864338,10440.22046,9738.247573
9/3/19,10691.3113,10366.37382,10752.42149,10290.49442
9/4/19,10555.0469,10691.31852,10810.01817,10185.25791
9/5/19,10576.31789,10555.0624,10643.94607,10463.81329
9/6/19,10334.02389,10576.32519,10928.34381,10201.60832
9/7/19,10495.22736,10333.99906,10563.71089,10288.75316
9/8/19,10402.79653,10485.40972,10595.19556,10244.58258
9/9/19,10332.94219,10402.76795,10524.38695,10097.98038
9/10/19,10082.94683,10332.93727,10380.30659,9956.122723
9/11/19,10152.75298,10107.49504,10269.03039,9891.803301
9/12/19,10396.7672,10152.76062,10459.92661,10055.26449
9/13/19,10299.47696,10396.76226,10447.38863,10167.99105
9/14/19,10351.23202,10299.49457,10425.91182,10229.45418
9/15/19,10302.19071,10361.08564,10381.56459,10267.86546
9/16/19,10301.65965,10306.1484,10373.06351,10093.14028
9/17/19,10231.42151,10301.66126,10304.62364,10145.34576
9/18/19,10168.28771,10231.41302,10263.82338,10094.32501
9/19/19,10223.50558,10166.77877,10286.01075,9687.29416
9/20/19,10138.33521,10223.50709,10289.21566,10065.62894
9/21/19,9984.520516,10138.35756,10179.74247,9908.572815
9/22/19,10031.86671,9984.518857,10083.09813,9850.753085
9/23/19,9719.718696,10031.86687,10062.91987,9630.695768
9/24/19,8688.973526,9719.704257,9770.161484,7944.334498
9/25/19,8438.708552,8528.464788,8741.509561,8230.466526
9/26/19,8103.2109,8438.716459,8462.412486,7757.276118
9/27/19,8195.210697,8103.901572,8286.743263,7869.55317
9/28/19,8146.414032,8183.316058,8321.160587,7723.691419
9/29/19,8085.71329,8146.422964,8228.641494,7905.017736
9/30/19,8241.34147,8055.694139,8331.291686,7728.678427
10/1/19,8333.68919,8298.624775,8508.705409,8195.045244
10/2/19,8273.464018,8333.710296,8388.015862,8177.694601
10/3/19,8203.843833,8273.457419,8412.650047,8060.325317
10/4/19,8163.902638,8231.786249,8240.948769,8014.419323
10/5/19,8137.146689,8163.901441,8196.249514,8025.500462
10/6/19,7853.693305,8138.833489,8171.568254,7802.464851
10/7/19,8236.208379,7850.684576,8304.140139,7777.631571
10/8/19,8201.637818,8236.205875,8316.990673,8113.111805
10/9/19,8572.380812,8173.838803,8691.072691,8117.91224
10/10/19,8582.144518,8572.382301,8654.382776,8435.18651
10/11/19,8320.171581,8582.148123,8796.457282,8288.227631
10/12/19,8328.60426,8320.168154,8406.142415,8225.301457
10/13/19,8282.177326,8309.172913,8468.97364,8167.264904
10/14/19,8337.818999,8282.181596,8385.55341,8214.318868
10/15/19,8162.44,8355,8420,8096.62
10/16/19,8003.820395,8166.344773,8184.386436,7918.275881
10/17/19,8058.058081,8003.819261,8120.121106,7937.852166
10/18/19,7970.239476,8058.058875,8121.045885,7820.066343
10/19/19,7943.347107,7956.890802,8095.903392,7882.646968
10/20/19,8200.318763,7943.352412,8306.004901,7884.518625
10/21/19,8200.246099,8233.799468,8346.556497,8152.237887
10/22/19,8073.409544,8200.244382,8309.665328,8054.948065
10/23/19,7420.415836,8027.293815,8054.994888,7307.391946
10/24/19,7460.617416,7420.414034,7503.599764,7347.630865
10/25/19,8591.223897,7421.571805,8762.680498,7393.261413
10/26/19,9171.306532,8591.236577,10332.40951,8591.225768
10/27/19,9578.367556,9259.521873,9813.443885,9103.737134
10/28/19,9458.22336,9578.364387,9930.974021,9272.656652
10/29/19,9455.724693,9228.074502,9551.778726,9125.778457
10/30/19,9225.995479,9455.728198,9468.963245,9004.132304
10/31/19,9131.41063,9225.997769,9425.44994,8954.89964
11/1/19,9197.632345,9131.417153,9291.117644,9047.176594
11/2/19,9290.896602,9230.478858,9377.084522,9197.833142
11/3/19,9202.415451,9290.899794,9362.633137,9074.382879
11/4/19,9369.628081,9203.826007,9526.165195,9125.861531
11/5/19,9326.599624,9404.38087,9466.070961,9173.044686
11/6/19,9335.752402,9326.592531,9439.215735,9254.732115
11/7/19,9226.485821,9331.215796,9364.590814,9088.107628
11/8/19,8794.358645,9205.618606,9247.614352,8666.389614
11/9/19,8798.042055,8794.36261,8881.909087,8719.961753
11/10/19,9081.186878,8798.036067,9123.338511,8742.737626
11/11/19,8711.534339,9081.177733,9096.026278,8613.892395
11/12/19,8760.892718,8711.536153,8856.381556,8564.937933
11/13/19,8749.520591,8760.888546,8837.921252,8703.63545
11/14/19,8656.970922,8758.546642,8785.054199,8562.374593
11/15/19,8500.643558,8656.971858,8763.903472,8359.849192
11/16/19,8469.260899,8500.643936,8539.132174,8423.543205
11/17/19,8537.339652,8469.261015,8624.956305,8369.224963
11/18/19,8205.806366,8500.644603,8500.646489,8035.885907
11/19/19,8118.488536,8205.810043,8205.810043,7988.922628
11/20/19,8074.843174,8119.484444,8215.619589,8029.097727
11/21/19,7612.740574,8074.840561,8118.113996,7420.281322
11/22/19,7262.110535,7618.579413,7717.802088,6804.143065
11/23/19,7303.405759,7262.127934,7354.862635,7094.975791
11/24/19,7041.732936,7303.414265,7338.698677,6920.631497
11/25/19,7211.861809,6894.651354,7368.147389,6524.552859
11/26/19,7141.069449,7211.870983,7336.30101,7012.057702
11/27/19,7523.480673,7141.075509,7660.64037,6851.62293
11/28/19,7390.207469,7523.472887,7647.518089,7379.309918
11/29/19,7729.265939,7390.210656,7856.607906,7378.405543
11/30/19,7542.235609,7748.335487,7805.029322,7439.098867
12/1/19,7381.963008,7542.245344,7564.940079,7238.322233
12/2/19,7333.43293,7381.962005,7440.615736,7162.492125
12/3/19,7315.367765,7315.439203,7407.410775,7238.730592
12/4/19,7213.733762,7315.369274,7767.908725,7089.141289
12/5/19,7398.78705,7213.743416,7488.137772,7155.119946
12/6/19,7511.880583,7392.910937,7583.387456,7304.070441
12/7/19,7532.123513,7511.884605,7619.666018,7475.015594
12/8/19,7550.2392,7532.123513,7573.156018,7387.154016
12/9/19,7333.096043,7550.238815,7652.742606,7285.227768
12/10/19,7239.762575,7333.095889,7394.504676,7161.527291
12/11/19,7198.066677,7240.078227,7269.474391,7131.644054
12/12/19,7190.272369,7203.956606,7282.336143,7081.880221
12/13/19,7238.874323,7188.071895,7297.588894,7183.201754
12/14/19,7087.024985,7238.993089,7271.571184,7007.426923
12/15/19,7112.731476,7087.024958,7198.32384,7007.558814
12/16/19,6883.496394,7112.504977,7139.580243,6828.479448
12/17/19,6584.028843,6884.661554,6933.741179,6565.009645
12/18/19,7424.0154,6584.030424,7424.06403,6427.959386
12/19/19,7147.568324,7285.122044,7367.158856,7043.162249
12/20/19,7139.933371,7147.569001,7177.392151,7076.11104
12/21/19,7286.335081,7155.213175,7328.930813,7122.024233
12/22/19,7236.986205,7286.33631,7356.640519,7083.734726
12/23/19,7166.172379,7236.986086,7498.797304,7127.936255
12/24/19,7235.62665,7166.173045,7292.006736,7045.122915
12/25/19,7212.809395,7235.623582,7277.804111,7120.21395
12/26/19,7183.706536,7212.808361,7427.47228,7105.723864
12/27/19,7227.293712,7183.706083,7251.381246,7065.278308
12/28/19,7311.560644,7227.294388,7348.789794,7217.079597
12/29/19,7385.464848,7315.151548,7520.637034,7272.593791
12/30/19,7251.276794,7379.157881,7396.603322,7202.130766
12/31/19,7179.957819,7251.277888,7298.892042,7119.626946
1/1/20,7174.744012,7179.957689,7237.014866,7152.992402
1/2/20,6955.48758,7174.712357,7190.188749,6914.857474
1/3/20,7291.219505,6955.48758,7390.041835,6852.093401
1/4/20,7337.63667,7291.217504,7390.762935,7263.178696
1/5/20,7347.433264,7337.421391,7487.333871,7316.76337
1/6/20,7713.860754,7351.57889,7749.648613,7339.702523
1/7/20,8039.603701,7714.908484,8192.158877,7708.885351
1/8/20,8067.606369,8046.802943,8463.183418,7871.035499
1/9/20,7808.701364,8046.111529,8046.283882,7755.401227
1/10/20,8087.452885,7808.703733,8136.499126,7670.457792
1/11/20,8078.993532,8195.475999,8278.66058,8008.905117
1/12/20,8149.313717,8080.229614,8188.385802,7959.533522
1/13/20,8116.961008,8150.807336,8191.187715,8035.31553
1/14/20,8735.142439,8110.511235,8848.921995,8108.954039
1/15/20,8843.675732,8735.148417,8897.643793,8558.744377
1/16/20,8711.637578,8825.385428,8855.530135,8587.518351
1/17/20,8925.299028,8711.637311,9009.5337,8665.011538
1/18/20,8939.8643,8925.303486,8971.890632,8803.094435
1/19/20,8638.18144,8939.879994,9181.972791,8455.129028
1/20/20,8652.683763,8638.182713,8739.353819,8502.570319
1/21/20,8708.786013,8652.682469,8783.7501,8486.340457
1/22/20,8635.074357,8708.835222,8797.773614,8575.103286
1/23/20,8384.088777,8635.074108,8665.272406,8277.809127
1/24/20,8451.232296,8381.599774,8512.454207,8220.867389
1/25/20,8347.567505,8451.232129,8458.283993,8256.043067
1/26/20,8562.30747,8347.569951,8597.904143,8282.358307
1/27/20,8881.962391,8562.307388,8982.03544,8554.125634
1/28/20,9131.114988,8877.733617,9176.388648,8874.284819
1/29/20,9320.978406,9131.114653,9432.677487,9104.824063
1/30/20,9545.077957,9288.522646,9633.251035,9185.18134
1/31/20,9388.880752,9548.545376,9558.432613,9198.659041
2/1/20,9363.193383,9388.87907,9451.06458,9284.410559
2/2/20,9385.260386,9375.226831,9465.487907,9150.534573
2/3/20,9269.707035,9385.259769,9603.105582,9222.946494
2/4/20,9177.894637,9286.207776,9349.247058,9072.588214
2/5/20,9625.456637,9177.895794,9745.171377,9147.652281
2/6/20,9681.377411,9600.403585,9856.447773,9527.151669
2/7/20,9795.344066,9681.3777,9872.616069,9653.132962
2/8/20,9927.778256,9795.343586,9939.671501,9660.309157
2/9/20,10132.7065,9900.684635,10175.90701,9888.154765
2/10/20,9838.900016,10132.70648,10197.19928,9752.195757
2/11/20,10236.63515,9851.644254,10351.45593,9711.360915
2/12/20,10364.92629,10236.79326,10489.77986,10218.52286
2/13/20,10218.09974,10364.23238,10516.91793,10097.76169
2/14/20,10367.528,10234.4677,10598.03016,10108.15916
2/15/20,9926.353691,10367.52748,10397.53648,9810.928072
2/16/20,9876.234963,9926.353455,10052.35462,9642.465032
2/17/20,9636.624095,9933.901933,9966.095384,9468.292698
2/18/20,10189.99598,9636.624345,10272.79482,9615.263421
2/19/20,9701.037191,10190.00776,10290.30426,9365.7803
2/20/20,9631.484946,9608.93197,9704.692625,9410.921416
2/21/20,9670.858654,9631.482559,9770.340692,9579.237409
2/22/20,9689.086743,9696.533064,9724.336392,9575.054489
2/23/20,9919.551448,9689.085992,10008.54047,9666.519497
2/24/20,9640.469505,9921.048562,10008.37849,9480.185942
2/25/20,9392.869629,9640.468562,9679.59509,9251.115834
2/26/20,8787.978363,9392.868579,9393.864137,8626.935746
2/27/20,8784.995352,8790.336853,8977.585565,8530.496379
2/28/20,8778.470511,8818.102269,8904.126218,8459.695261
2/29/20,8639.591417,8778.467316,8806.844965,8591.29254
3/1/20,8548.948322,8639.592081,8747.725718,8412.723329
3/2/20,8923.044398,8549.045999,8977.333203,8491.456295
3/3/20,8791.112058,8916.73989,8919.263748,8652.809024
3/4/20,8756.961062,8791.112073,8852.25666,8682.684594
3/5/20,9078.578777,8756.962116,9172.138258,8745.992956
3/6/20,9126.636822,9073.160134,9191.15034,9004.944712
3/7/20,8925.213488,9126.888318,9204.672359,8858.647557
3/8/20,8166.313894,8925.217518,8925.383039,8163.682472
3/9/20,7875.750875,8166.313268,8256.125507,7625.189619
3/10/20,7959.228274,7939.252823,8159.157919,7745.152079
3/11/20,7955.306284,7959.233654,7984.602488,7591.897235
3/12/20,5800.208905,7954.440008,7977.84368,5568.01669
3/13/20,5672.681201,5803.794314,6013.252892,3867.091312
3/14/20,5304.149952,5672.651113,5809.640296,5214.774302
3/15/20,5355.187374,5304.149075,6115.834478,5076.862093
3/16/20,4944.702336,5359.581995,5439.466703,4452.260545
3/17/20,5465.582594,4944.692509,5558.129295,4921.203145
3/18/20,5363.822853,5465.555261,5466.942335,5043.075092
3/19/20,6301.063404,5363.81623,6428.780443,5274.927112
3/20/20,6185.279839,6301.120291,6942.935268,5680.103282
3/21/20,6187.05375,6176.205754,6470.354767,5883.754157
3/22/20,5884.340133,6187.042146,6431.873162,5802.553402
3/23/20,6455.454688,5829.352511,6620.858253,5694.198299
3/24/20,6784.318011,6455.45065,6863.602196,6406.037439
3/25/20,6706.985089,6784.325204,6981.720386,6488.111885
3/26/20,6721.495392,6697.94832,6796.053701,6537.856462
3/27/20,6682.780049,6718.084872,6865.541424,6597.307584
3/28/20,6229.488343,6682.780622,6688.043277,6044.47511
3/29/20,5922.489835,6229.49332,6284.272461,5879.777528
3/30/20,6483.739446,5879.816836,6615.78648,5858.857935
3/31/20,6446.421347,6483.617042,6533.064909,6344.633536
4/1/20,6537.336462,6446.442667,6605.444456,6159.582451
4/2/20,6850.558712,6537.68699,7212.725146,6519.934899
4/3/20,6776.370094,6796.925196,7049.706366,6612.677956
4/4/20,6855.933264,6772.007301,7003.126134,6664.610805
4/5/20,6805.362287,6873.720048,6908.855128,6684.715732
4/6/20,7278.24397,6809.004568,7319.978093,6775.111014
4/7/20,7175.667477,7277.704282,7464.732245,7081.639209
4/8/20,7367.293398,7175.669418,7424.743721,7155.211053
4/9/20,7321.816614,7366.900961,7399.469133,7125.775519
4/10/20,6866.398189,7321.815746,7325.324778,6752.593664
4/11/20,6873.848495,6872.137266,6949.788875,6777.889694
4/12/20,7043.438864,6873.848555,7201.990355,6797.779063
4/13/20,6889.863772,7043.438893,7050.771025,6600.771494
4/14/20,6887.554908,6889.863978,6991.326397,6772.322132
4/15/20,6718.79995,6887.548898,6942.90708,6701.021116
4/16/20,7166.582817,6628.975283,7178.765894,6486.531308
4/17/20,7065.082389,7162.527231,7200.317209,6996.149109
4/18/20,7277.140586,7065.066086,7301.814371,7029.015961
4/19/20,7185.870303,7277.140654,7292.862985,7066.947185
4/20/20,6856.146435,7185.870831,7221.915907,6764.430699
4/21/20,6904.475773,6856.146426,6954.005137,6782.239371
4/22/20,7118.388748,6904.476221,7165.520004,6831.947906
4/23/20,7562.032832,7118.388915,7725.671699,7037.554845
4/24/20,7497.861764,7556.01926,7608.311143,7407.266922
4/25/20,7542.303401,7497.859881,7702.01898,7445.685898
4/26/20,7624.853786,7542.303101,7707.594271,7503.770143
4/27/20,7776.507543,7624.854338,7798.276656,7621.487082
4/28/20,7761.758784,7788.574229,7793.636018,7677.178774
4/29/20,8773.106488,7761.758619,8973.079277,7725.542654
4/30/20,8767.672623,8768.04718,9469.078423,8415.47474
5/1/20,8853.774484,8767.672143,9073.81753,8593.380363
5/2/20,8963.057558,8850.788756,9037.341927,8780.037925
5/3/20,8904.713817,9002.396916,9223.385534,8747.433419
5/4/20,8887.505893,8904.559394,8968.532234,8539.511107
5/5/20,8978.283587,8887.507473,9112.866151,8784.09959
5/6/20,9371.684273,9032.183227,9392.635447,8927.777068
5/7/20,9900.678867,9371.67997,9958.733998,9065.921045
5/8/20,9917.248414,9903.830754,10062.71591,9732.806548
5/9/20,9617.518195,9917.253174,9957.110928,9546.040993
5/10/20,8786.655182,9616.377064,9650.018603,8166.492188
5/11/20,8608.125245,8733.637943,9176.18639,8206.331505
5/12/20,8815.231245,8608.119937,8980.624505,8509.564215
5/13/20,9330.986485,8823.780831,9416.590183,8802.91656
5/14/20,9757.296586,9330.985268,9940.956082,9273.416587
5/15/20,9362.635557,9795.282556,9848.185361,9155.515351
5/16/20,9418.918551,9362.636646,9583.062439,9219.362205
5/17/20,9684.701959,9418.913715,9879.71204,9327.763833
5/18/20,9723.68015,9673.836632,9933.976225,9523.848992
5/19/20,9719.480854,9723.316993,9899.775994,9473.742266
5/20/20,9540.886567,9719.254489,9834.557819,9332.915196
5/21/20,9141.150637,9540.208922,9571.081815,8806.742839
5/22/20,9192.845136,9139.890401,9265.2516,8934.380728
5/23/20,9220.075887,9192.845255,9311.849338,9093.834315
5/24/20,9048.715119,9219.746036,9301.179312,8856.470863
5/25/20,8905.781605,9048.692372,9051.69296,8645.212548
5/26/20,8835.727224,8905.746922,9010.897443,8707.124072
5/27/20,9112.979176,8835.727224,9224.744965,8820.549193
5/28/20,9507.524665,9113.177836,9523.457474,9008.05845
5/29/20,9425.281869,9507.563792,9621.613231,9335.814886
5/30/20,9688.32439,9434.033792,9732.943979,9334.912832
5/31/20,9427.670084,9688.539932,9698.140854,9394.275387
6/1/20,10268.58198,9427.232535,10357.78917,9417.354212
6/2/20,9516.135443,10268.23188,10292.7031,9298.92095
6/3/20,9667.060754,9516.379828,9680.206444,9406.971187
6/4/20,9811.367095,9667.085402,9875.662127,9472.251048
6/5/20,9659.661298,9811.829378,9860.231447,9619.617459
6/6/20,9677.050995,9659.053118,9736.271128,9542.773398
6/7/20,9737.458559,9677.050684,9804.446487,9392.842926
6/8/20,9791.9279,9737.457447,9803.573516,9652.310114
6/9/20,9786.14202,9790.073884,9870.519387,9610.024354
6/10/20,9874.967048,9787.914131,9979.715526,9711.85958
6/11/20,9260.832641,9875.014214,9962.180331,9108.473046
6/12/20,9464.228097,9261.481444,9558.770602,9238.389181
6/13/20,9458.659754,9464.086079,9492.899884,9359.847047
6/14/20,9351.953728,9458.659753,9481.697453,9250.032408
6/15/20,9441.768996,9351.605477,9498.609999,8910.198265
6/16/20,9510.660637,9442.016988,9595.222935,9380.74608
6/17/20,9457.627074,9510.641266,9557.46842,9240.646056
6/18/20,9398.642094,9457.464837,9480.374487,9276.427094
6/19/20,9279.760765,9398.685603,9427.177661,9236.657272
6/20/20,9353.078196,9278.469146,9391.025094,9178.382279
6/21/20,9289.104491,9353.078187,9412.648505,9278.923226
6/22/20,9680.947128,9288.60316,9775.102839,9272.796157
6/23/20,9609.680246,9680.947129,9720.765241,9576.910848
6/24/20,9311.136318,9609.680246,9678.98608,9206.958895
6/25/20,9252.633372,9310.989646,9333.346057,9002.374468
6/26/20,9171.732086,9252.684713,9292.245367,9046.231365
6/27/20,9022.153768,9171.554012,9192.768265,8843.317702
6/28/20,9101.850057,9022.012126,9190.117478,8949.755974
6/29/20,9188.061375,9101.877703,9233.529361,9032.435483
6/30/20,9148.444859,9188.037401,9201.648794,9067.19084
7/1/20,9236.31677,9141.34826,9300.998983,9096.778646
7/2/20,9097.797366,9240.169628,9267.123022,8957.632801
7/3/20,9094.324561,9097.683628,9132.985825,9065.858012
7/4/20,9124.653534,9067.937487,9190.818987,9051.870726
7/5/20,9055.464483,9141.07507,9149.765584,8919.762981
7/6/20,9278.805637,9078.614127,9356.327421,9063.727627
7/7/20,9244.415815,9344.987626,9374.083533,9216.518048
7/8/20,9471.759973,9262.805251,9472.080067,9239.543297
7/9/20,9236.143254,9444.728112,9449.911243,9173.165154
7/10/20,9243.175259,9239.473351,9260.349785,9133.962338
7/11/20,9229.859755,9289.580029,9304.962551,9190.032623
7/12/20,9286.737042,9243.766253,9349.001062,9170.73536
7/13/20,9238.993755,9310.395069,9339.806986,9206.291978
7/14/20,9260.47098,9241.763724,9279.093222,9125.214524
7/15/20,9211.026433,9261.511425,9275.45244,9167.649721
7/16/20,9133.77783,9192.623666,9219.426492,9048.084922
7/17/20,9160.410591,9132.454747,9186.96179,9085.977619
7/18/20,9176.68639,9159.369281,9212.520944,9130.022301
7/19/20,9190.271534,9182.914419,9197.726524,9117.058699
7/20/20,9172.588333,9213.358566,9223.07652,9152.280649
7/21/20,9395.064446,9166.298231,9445.579319,9159.972579
7/22/20,9530.790885,9399.730238,9551.996412,9313.812944
7/23/20,9617.377861,9534.116269,9681.909452,9452.744476
7/24/20,9568.974726,9617.389459,9646.957118,9479.577351
7/25/20,9708.94914,9557.065314,9746.556096,9546.032528
7/26/20,9938.951223,9714.685123,10135.88216,9670.416834
7/27/20,11187.77973,9940.111573,11394.84875,9930.83996
7/28/20,10939.67014,11040.79047,11254.55134,10580.1286
7/29/20,11284.45899,10930.45278,11318.0871,10852.88097
7/30/20,11118.91841,11118.88858,11180.43064,10847.20085
7/31/20,11373.31726,11112.42116,11467.95059,10980.82391
8/1/20,11766.7483,11352.71504,11880.77364,11241.97677
8/2/20,11139.09838,11820.51291,12117.67708,10658.94608
8/3/20,11261.80633,11071.26711,11480.28338,10956.56291
8/4/20,11228.02632,11237.22451,11400.06419,11045.96842
8/5/20,11653.40759,11196.28746,11791.10323,11107.1352
8/6/20,11796.81736,11756.89486,11917.76504,11581.57513
8/7/20,11639.93541,11780.04401,11917.85915,11347.41279
8/8/20,11744.91208,11610.9087,11814.95666,11543.3477
8/9/20,11673.12324,11770.45097,11802.66293,11536.75286
8/10/20,11832.22731,11693.17945,12070.44182,11546.95776
8/11/20,11340.58234,11903.3335,11941.6518,11137.81368
8/12/20,11549.54631,11399.06848,11626.23784,11166.54478
8/13/20,11752.16866,11571.10263,11795.43575,11287.64679
8/14/20,11783.28341,11789.95953,11867.28291,11663.41146
8/15/20,11895.62695,11782.78559,11987.65155,11714.58902
8/16/20,11896.94717,11862.38742,11938.8761,11705.49261
8/17/20,12399.11188,11916.58022,12476.69704,11778.30371
8/18/20,12071.73891,12299.81621,12391.84071,11840.39237
8/19/20,11749.82951,11959.02939,12029.75799,11589.5762
8/20/20,11833.89735,11766.18313,11899.96341,11690.15508
8/21/20,11583.13894,11866.28401,11890.03166,11525.26123
8/22/20,11674.62435,11539.71729,11694.47049,11393.21033
8/23/20,11666.41012,11677.05824,11726.23458,11539.08981
8/24/20,11744.0127,11660.39682,11835.35928,11601.74066
8/25/20,11378.72603,11759.3614,11771.3353,11133.16876
8/26/20,11458.8226,11334.03573,11546.20239,11265.22814
8/27/20,11302.12096,11467.29065,11594.64626,11157.08574
8/28/20,11482.22569,11339.74802,11553.53918,11294.18591
8/29/20,11515.04443,11540.72864,11586.30657,11435.40076
8/30/20,11657.00393,11483.12875,11694.6708,11476.07202
8/31/20,11678.37326,11712.97262,11799.52944,11579.88329
9/1/20,11964.20867,11661.42734,12070.22741,11544.42003
9/2/20,11427.7026,11923.19964,11954.16268,11217.45383
9/3/20,10712.92065,11409.72633,11470.80702,10505.14681
9/4/20,10563.89694,10177.72164,10644.24117,10118.71861
9/5/20,10042.85485,10470.02669,10574.30731,9894.2254
9/6/20,10207.605,10174.86343,10355.65249,10014.27766
9/7/20,10381.77611,10265.74299,10383.11924,9891.734243
9/8/20,10043.19644,10381.67682,10444.17113,9868.937984
9/9/20,10268.46092,10136.56084,10352.41519,9989.510556
9/10/20,10341.01598,10230.63553,10483.56121,10224.03739
9/11/20,10380.5396,10347.66121,10403.75568,10214.66973
9/12/20,10436.36541,10400.85545,10484.8759,10286.42747
9/13/20,10313.06858,10450.94952,10585.88066,10226.42392
9/14/20,10680.29756,10337.71258,10759.1361,10281.58014
9/15/20,10829.50531,10683.00291,10944.65131,10636.18826
9/16/20,11033.38353,10792.31023,11103.79648,10683.79026
9/17/20,10937.11126,10966.38648,11061.28463,10762.41738
9/18/20,10933.93116,10947.23137,11035.0532,10830.85247
9/19/20,11048.87928,10940.13447,11180.39531,10904.19962
9/20/20,10852.91014,11085.429,11085.429,10773.33219
9/21/20,10526.20289,10925.51079,10991.69454,10322.59482
9/22/20,10531.16456,10423.27155,10579.30131,10371.91657
9/23/20,10260.03301,10536.31722,10541.16888,10209.06313
9/24/20,10672.95681,10241.16589,10712.49925,10200.88278
9/25/20,10729.06961,10736.65234,10759.7111,10569.43458
9/26/20,10741.47647,10692.46427,10777.57591,10657.52315
9/27/20,10752.34545,10734.50124,10802.37407,10599.58841
9/28/20,10863.06572,10776.30436,10948.06266,10776.30436
9/29/20,10764.28437,10691.97856,10793.60349,10640.69415
9/30/20,10741.57955,10843.38826,10849.73073,10672.79503
10/1/20,10626.60096,10778.89849,10931.6335,10470.69372
10/2/20,10567.3302,10624.91072,10670.71056,10386.91138
10/3/20,10555.02868,10578.91957,10609.23748,10512.33934
10/4/20,10660.61118,10559.31466,10702.51138,10535.82272
10/5/20,10756.40458,10672.16544,10770.46301,10630.95649
10/6/20,10589.62639,10793.15206,10798.98132,10543.48911
10/7/20,10645.75479,10600.66078,10680.64123,10554.84167
10/8/20,10897.59543,10669.07004,10949.34337,10544.3758
10/9/20,11052.39508,10929.59262,11106.33446,10843.4743
10/10/20,11360.85272,11059.81357,11484.16448,11058.74049
10/11/20,11334.02674,11293.20701,11436.21148,11282.50356
10/12/20,11666.2117,11372.10996,11723.64386,11210.86134
10/13/20,11443.73279,11534.60957,11564.64006,11333.53492
10/14/20,11395.54737,11431.09404,11540.06492,11302.77704
10/15/20,11504.54901,11433.45754,11610.2504,11291.89809
10/16/20,11355.16044,11511.9022,11544.48601,11227.07106
10/17/20,11358.70638,11329.99473,11410.16368,11282.94789
10/18/20,11471.00255,11368.41235,11486.98541,11356.17416
10/19/20,11776.593,11514.6451,11825.64774,11419.08229
10/20/20,11936.36291,11754.18203,11993.92588,11693.78394
10/21/20,13102.93446,11920.41139,13109.16597,11900.21384
10/22/20,13140.66928,12801.68807,13192.25287,12697.45705
10/23/20,12933.82357,12980.8801,13029.96389,12731.05779
10/24/20,13081.67256,12929.8494,13168.33883,12877.93801
10/25/20,13008.45326,13115.83352,13342.75028,12906.70059
10/26/20,13033.52427,13038.91554,13243.9959,12811.54603
10/27/20,13721.28222,13069.23614,13756.3317,13062.40879
10/28/20,13282.26035,13647.57292,13847.53352,12894.89932
10/29/20,13467.73178,13280.36559,13640.13894,12994.98437
10/30/20,13573.7105,13461.38352,13667.74723,13134.48008
10/31/20,13891.21683,13574.92722,14093.05295,13438.93538
11/1/20,13730.19731,13810.64198,13907.31295,13641.54034
11/2/20,13633.69822,13768.95676,13837.85118,13270.20734
11/3/20,13832.93841,13565.13068,13842.47454,13301.61195
11/4/20,14163.97682,14014.73488,14257.52971,13582.4022
11/5/20,15424.52768,14156.60864,15494.57817,14104.90209
11/6/20,15540.59659,15607.5055,15971.64142,15202.76451
11/7/20,14783.98168,15603.25854,15764.1047,14330.68183
11/8/20,15500.33425,14820.43647,15657.12904,14711.54819
11/9/20,15283.78014,15481.90608,15810.77379,14845.79176
11/10/20,15374.04439,15327.58839,15448.41275,15092.3898
11/11/20,15820.49524,15316.74901,15973.07608,15294.29332
11/12/20,16253.31027,15701.8651,16348.4628,15474.76108
11/13/20,16347.04492,16302.8428,16487.48815,15971.1428
11/14/20,15991.83302,16329.79889,16333.51314,15718.88879
11/15/20,15918.08013,16078.97001,16167.39692,15792.77908
11/16/20,16752.00299,15969.51601,16885.58019,15881.70385
11/17/20,17593.48641,16718.59966,17831.23118,16560.99963
11/18/20,17834.63653,17672.65284,18358.97625,17283.49485
11/19/20,17954.85801,17786.21258,18170.83027,17381.23626
11/20/20,18612.87067,17823.3433,18813.40769,17762.92882
11/21/20,18591.8566,18666.58022,18964.64351,18368.28996
11/22/20,18629.99554,18683.8472,18732.99132,17806.2676
11/23/20,18469.20047,18405.5557,18752.16004,17990.11089
11/24/20,19045.73647,18370.21961,19392.90868,18059.26543
11/25/20,18746.93481,19136.08297,19391.46366,18640.64218
11/26/20,17187.40628,18719.20716,18908.63553,16242.70294
11/27/20,17023.9614,17180.71873,17482.2001,16489.30267
11/28/20,17814.78028,17159.1095,17901.38262,16906.1761
11/29/20,18114.41435,17742.82304,18356.31323,17545.19622
11/30/20,19382.36059,18201.27725,19850.11449,18201.27725
12/1/20,18980.97745,19677.98984,19920.53426,18171.75051
12/2/20,19184.89785,18796.74864,19357.16459,18360.23172
12/3/20,19464.5317,19220.59015,19607.85534,18899.48869
12/4/20,18813.12476,19441.5588,19539.86235,18717.12493
12/5/20,19045.02027,18668.15855,19200.79191,18518.85142
12/6/20,19113.9334,19162.26446,19347.62491,18927.29956
12/7/20,19107.5998,19373.44523,19433.09749,18931.5713
12/8/20,18682.45783,19177.92617,19299.04708,18630.74248
12/9/20,18543.00705,18320.23313,18618.96013,17640.56207
12/10/20,18359.4766,18557.45291,18565.21617,17904.06899
12/11/20,18137.31937,18255.77375,18293.55273,17593.1721
12/12/20,18882.26017,18040.17062,18956.34444,18029.14317
12/13/20,19060.2769,18822.50994,19408.67465,18726.84709
12/14/20,19251.224,19161.13847,19323.16531,19015.68597
12/15/20,19443.47635,19264.6703,19552.37198,19053.34247
12/16/20,21310.65626,19433.14137,21447.52385,19293.29896
12/17/20,22895.97624,21351.25481,23770.84657,21248.36533
12/18/20,23008.77626,22819.5589,23261.25288,22357.60765
12/19/20,23890.82265,23126.60677,24122.67327,22781.87678
12/20/20,23537.36989,23829.2848,24273.0415,23085.95477
12/21/20,23177.271,23476.0875,24081.05309,21960.19135
12/22/20,23433.98076,22729.65929,23629.40446,22384.12785
12/23/20,23224.45414,23791.56529,24086.95066,22644.56106
12/24/20,23623.88553,23228.90909,23737.75715,22716.17417
12/25/20,24581.00617,23726.191,24627.29791,23422.31033
12/26/20,26381.29623,24708.20678,26750.87995,24497.41087
12/27/20,26389.29026,26447.70807,28352.62782,25759.06861
12/28/20,26718.02946,26226.06613,27447.55138,26046.62558
12/29/20,26975.72956,27038.73568,27169.22556,25875.04979
12/30/20,28768.83621,27349.32723,28928.21439,27349.2832
12/31/20,29111.52157,28872.82977,29280.04533,27916.62506
1/1/21,29333.60512,28935.81098,29601.5949,28753.41231
1/2/21,32154.16736,29353.64061,33064.67353,29012.92789
1/3/21,33002.53643,32074.10661,34452.08034,31885.58162
1/4/21,31431.61228,32788.58345,33358.39935,28154.1103
1/5/21,34433.60651,31991.92686,34435.41748,29948.65363
1/6/21,36275.75635,34001.34476,36461.69177,33351.02812
1/7/21,39713.50786,36806.41976,40324.01403,36356.43076
1/8/21,40519.4486,39420.8007,41962.36213,36741.33018
1/9/21,40258.92399,40558.10212,41375.43068,38766.27616
1/10/21,38709.76537,40096.3332,41186.52343,34897.55047
1/11/21,34409.64238,38132.53579,38204.75441,30305.30005
1/12/21,34214.61026,35432.85914,36566.90906,32538.94117
1/13/21,37017.0075,34070.32562,37798.8601,32470.58526
1/14/21,38435.86351,37373.16196,40066.31976,36770.79512
1/15/21,36751.58497,39127.67852,39673.0723,34425.48794
1/16/21,36016.77961,36752.77118,37943.51217,35398.86752
1/17/21,36375.81138,36016.75309,36840.13285,33870.13838
1/18/21,36346.6095,35847.83342,37440.40401,34816.28925
1/19/21,36577.51965,36639.98591,37876.15893,36136.53557
1/20/21,35004.53263,35909.43225,36409.7086,33430.82199
1/21/21,30606.18268,35491.42392,35612.7372,30077.27896
1/22/21,33368.36593,30844.83315,33873.77299,28845.31148
1/23/21,32070.09743,33000.44664,33501.24845,31451.2963
1/24/21,32285.72613,32107.39182,33088.54855,30987.70386
1/25/21,32500.25596,32297.50417,34893.98402,31949.28237
1/26/21,32324.55565,32270.82562,32770.80461,31062.54953
1/27/21,30534.99937,32497.84846,32570.2815,29452.78559
1/28/21,33408.21834,30426.0844,33481.48542,29921.96008
1/29/21,34842.55739,33424.59559,38468.07829,31984.00892
1/30/21,34622.37323,34265.37666,34920.29115,32945.36998
1/31/21,33087.36986,34304.23451,34373.73401,32229.54518
2/1/21,33613.32076,33138.77651,34715.65573,32341.98991
2/2/21,35632.90195,33525.28825,36008.31082,33437.74691
2/3/21,37397.42636,35519.70777,37505.30371,35416.73178
2/4/21,37256.25211,37645.94564,38731.08795,36207.49431
2/5/21,37851.59659,36970.81227,38332.41692,36637.64562
2/6/21,40302.79979,38305.27539,40999.04684,38233.72667
2/7/21,38461.6814,39253.22773,39698.0659,37388.34169
2/8/21,44716.68547,38853.29945,44981.86,38036.28325
2/9/21,46674.85169,46433.48964,48226.25089,45058.069
2/10/21,45237.47569,46512.99056,47374.35591,43886.27604
2/11/21,47500.89752,44859.84767,48600.63193,44070.72706
2/12/21,47884.18286,47992.62291,48925.53448,46550.14795
2/13/21,47005.19065,47405.55715,48189.77799,46333.57366
2/14/21,49151.16758,47231.13334,49716.43638,47105.17175
2/15/21,48125.9922,48654.83072,49037.91611,45926.25155
2/16/21,48840.41447,47944.48497,50584.84895,47088.83608
2/17/21,52165.30256,49186.33387,52621.83507,48990.89519
2/18/21,51728.5088,52146.00339,52532.29712,50971.74318
2/19/21,55719.20436,51598.14371,56283.54984,50821.47282
2/20/21,54801.64864,55917.03918,57487.02831,54039.67392
2/21/21,57128.64261,55913.35145,58332.36462,55531.5507
2/22/21,54181.91465,57453.35801,57535.86348,47780.74958
2/23/21,48172.87748,54124.53909,54180.23218,45047.78286
2/24/21,48745.43298,48923.03508,51413.61356,47032.52426
2/25/21,48291.41208,49746.65163,52076.31772,47501.6748
2/26/21,45752.11492,47135.55173,48453.73863,44279.44954
2/27/21,46642.60608,46326.82407,48353.001,46207.70578
2/28/21,45092.80657,46204.05856,46675.19785,43119.15702
3/1/21,49248.91401,45234.36876,49520.72499,45044.38376
3/2/21,47900.77688,49636.02146,50211.43717,47200.04217
3/3/21,50811.85517,48526.99036,52636.22299,48195.1231
3/4/21,48259.48708,50433.43615,51781.96783,47578.30723
3/5/21,49149.73083,48404.21363,49462.13301,46393.39146
3/6/21,48879.1519,48791.79051,49173.76187,47127.04097
3/7/21,50594.69857,48887.56641,51222.8723,48887.56641
3/8/21,51503.25813,50948.88071,51916.41395,49390.18272
3/9/21,54458.03781,52360.74816,54804.07845,51865.59003
3/10/21,56915.17394,54924.68653,57336.74541,53101.23637
3/11/21,57636.75796,55898.86482,58034.70396,54323.6085
3/12/21,57306.16626,57817.27021,58077.9516,55116.25835
3/13/21,60743.04182,57227.23345,61556.59449,56124.14999
3/14/21,60197.90199,60972.49128,61453.05834,59275.70383
3/15/21,56300.33411,58962.48846,60570.69365,54790.32931
3/16/21,56639.78395,55668.62353,56821.88244,53350.36773
3/17/21,58567.28378,56908.56502,58923.54893,54201.70163
3/18/21,57983.09474,58883.01836,60074.36985,57075.06857
3/19/21,58451.73147,57661.41518,59461.77526,56327.79283
3/20/21,58593.60245,58127.68804,59919.21177,57914.89451
3/21/21,57796.46737,58139.30027,58649.13419,55645.05427
3/22/21,54329.35863,57389.21162,58407.61921,53795.15409
3/23/21,54794.29771,54143.10604,55858.36925,53031.32679
3/24/21,52787.74553,54375.80763,57225.29881,51777.97109
3/25/21,52173.86798,52335.56503,53209.40638,50458.09997
3/26/21,54483.04573,51344.04898,54806.88151,51286.29118
3/27/21,56234.35611,55067.8244,56520.30729,54022.07694
3/28/21,55343.92582,55843.74892,56541.00653,54741.62637
3/29/21,57627.67925,55786.54607,58353.52939,54929.68059
3/30/21,58734.47543,57613.16126,59379.99216,57069.22927
3/31/21,58724.66452,58810.15589,59835.39233,56934.31212
4/1/21,58984.61293,58764.43309,59458.98456,57973.3521
4/2/21,58821.62699,58726.08457,60101.75233,58478.59835
4/3/21,57517.79877,58958.42898,59713.21014,57185.76801
4/4/21,58177.40276,57134.86005,58540.98471,56552.22227
4/5/21,58843.55954,58230.67554,59243.03618,56846.96905
4/6/21,58040.1876,59133.65574,59484.19947,57421.85309
4/7/21,56508.94286,58030.62185,58645.77297,55541.90613
4/8/21,57880.90568,55996.08036,58179.65686,55758.49118
4/9/21,58171.90902,58094.74413,58880.82161,57717.85978
4/10/21,59295.95004,58149.65059,61065.22262,57924.07526
4/11/21,59822.90168,59765.10382,60588.47197,59229.86011
4/12/21,59853.19724,59998.15991,61219.71861,59428.21475
4/13/21,63223.88439,59841.56137,63707.34236,59799.44058
4/14/21,62926.55718,63562.67354,64801.78787,61400.28397
4/15/21,63346.78904,62987.27018,63850.25073,62094.63291
4/16/21,61965.7826,63225.09392,63520.32537,60033.53467
4/17/21,60574.44473,61444.2325,62534.0285,59802.88927
4/18/21,56850.83017,60191.52541,60531.98885,52148.98354
4/19/21,56224.10159,56335.38914,57609.36812,54449.24533
4/20/21,56608.76975,55723.22726,57121.9439,53442.85166
4/21/21,54144.42748,56508.15124,56809.14639,53913.85052
4/22/21,51965.05956,53830.82386,55471.07637,50500.73186
4/23/21,50669.14438,51714.07397,52111.18507,47467.91203
4/24/21,50733.7695,51217.17233,51253.44295,48932.15881
4/25/21,48542.9522,50177.2374,50668.65902,47105.59307
4/26/21,53558.70784,49139.23095,54398.59279,48854.58137
4/27/21,55123.86198,54059.47407,55398.07415,53351.1154
4/28/21,54591.51533,55086.93871,56458.63581,53915.35483
4/29/21,53260.29534,54893.87167,55224.90796,52403.74361
4/30/21,57302.64642,53598.8795,57434.93313,53097.76279
5/1/21,57677.97522,57741.02091,58511.25605,57062.70007
5/2/21,56427.04313,57824.30019,57925.74157,56123.03951
5/3/21,57255.30684,56639.43979,59001.35964,56508.24045
5/4/21,53658.84312,57218.80533,57246.89119,53613.59522
5/5/21,57252.70218,53270.22912,57977.61342,52987.15866
5/6/21,56583.84988,57459.05218,58368.68209,55330.72786
5/7/21,57107.12067,56439.1334,58724.11078,55320.95812
5/8/21,58788.20968,57419.14789,59575.46311,57028.49805
5/9/21,58102.19143,58966.91501,59249.14168,56494.91533
5/10/21,55715.54665,58308.31805,59560.02546,53774.62824
5/11/21,56573.55547,55899.75297,56956.07503,54571.69321
5/12/21,52147.82119,56767.71106,58036.50978,51625.54785
5/13/21,49764.13208,49596.77889,51448.79858,46294.72018
5/14/21,50032.69314,49717.35435,51578.31254,48944.34654
5/15/21,47885.62525,49926.03507,50690.80295,47005.10229